"","toss","fake","pierwszy_O","liczba_serii","liczba_O","max_seria","runtest_z","sd10","sum_2max","sum_3max","sum_4max","sum_5max","sum_6max","sum_7max","count_1"
"1","ORRROROOROOOORORROROORRRORORORORROROORRORRROORORROOOOORORRRRROORORROOOROORORRRORORROORRROOOORORORROR",1,1,60,49,5,1.71336415072745,0.0737864787372622,10,14,18,21,24,27,36
"2","OORORRRROORROROOROROROOOOORRRRORORROOORROORROROORRROROROROROOOORORRORRRRORROOOROOROOOORRRRROOOOORRRR",1,1,52,50,5,0.100508909139073,0,10,15,19,23,27,31,28
"3","RROOROOOORORORORRROOORROOROROROOOORRORORORRRORROORROOROOORRRORORORROORRORROOORRRORROORRROOORROOORROO",1,0,56,51,4,0.908967835831932,0.0737864787372622,8,11,14,17,20,23,26
"4","OORRROOORRRORROOROOOORRROROROORORROOORRRRROOOORRORRRRROOROOROORRORORORROORRROOOROORORRROORRROOORORRR",1,1,50,48,5,-0.0845641669947636,0.0632455532033676,10,14,18,21,24,27,21
"5","OROROORROROOORRROORRORRROROOROORROORROOOOORORRRORRORORORRRORRORRRROORRROROROORROORORROROOOROOORROROR",1,1,60,48,5,1.72752512575016,0.0918936583472681,9,12,15,18,21,24,33
"6","ORROORORRORROOROROOROROROROORRRORORRORROROORROROOORRORORROROORORROROORROORORRORROORROORROROORORRRROR",1,1,68,47,4,3.36521560751057,0.0674948557710553,7,10,12,14,16,18,40
"7","ORRROOOORROORROOORRORORROROORROOORROOORRRROOOROORRRORRORROOORROROOROOROORROORROOORORROORORORROOOORRR",1,1,52,52,4,0.116779087754673,0.0632455532033676,8,12,15,18,21,24,19
"8","OOOROORRROOORRORORROORROOROROORRORROORORRORRRRRROOOROROORROOORRROOROOOOROROOORRRORORORORRORORROOOOOR",1,1,56,52,6,0.922152106752418,0.103279555898864,11,15,18,21,24,27,29
"9","ORROOORORRRORORROOOOROORROROORRRRORROOROORROOROOROROROROROOOOORRORORORROROORRROOROOROROORRRROOOORROR",1,1,60,52,5,1.72752512575016,0.0632455532033676,9,13,17,21,24,27,34
"10","OROORRORORRORRORORROOROOROOORRRRORRROOROOOOROROOROROROOORRRRROROROROOOORRRROORORROOOROOOORORORRRROOR",1,1,58,51,5,1.31116599327969,0.128668393770792,9,13,17,21,25,29,35
"11","ORRRRRRORORROOOOORORROOORROOORORRRROOOORROOORROORRRRROOOORRRRROORRRRROOOOOOORRRROOOOROORRRRRRROORRRO",1,1,35,47,7,-3.09083351960803,0.133749350984926,14,20,25,30,35,40,10
"12","OOORROROOOROROOOORRORROROOORRROOOOOOOOOORRRRRRRRRROOROORRROORRROOORRRRORORORORORRROORORRROORORRROORO",1,1,47,50,10,-0.703562363973514,0.262466929133727,20,24,28,31,34,37,24
"13","RORORRORROORRROROROROOOROORRORROOORROOOOOROORRORORRORORRORRORRRROOROROOORRROOORRROORORROORRROOORRORO",1,0,58,49,5,1.31116599327969,0.0994428926011753,9,12,15,18,21,24,30
"14","ROORORROOOORRRROORROROORORROORORRROORORORROORORROROOORROOORRRRRORORORORROORORROOORROORROORROROOORRRO",1,0,58,49,5,1.31116599327969,0.0737864787372622,9,13,16,19,22,25,29
"15","OOOOOOOOOOOOOOOOOOOOOOOOOOOOOOOOOOOOOOOOOOOOOOOOOOOOOOOROOOOOOOOOOOOOOOOOOOOOOOOOOOOOOOOOOOOOOOOOOOO",1,1,3,99,55,0,0.0316227766016838,99,100,NA,NA,NA,NA,1
"16","ROOORORRROOOOORRORORRRORORRROROOROROORRRORORORRORRRROROORROOOOORRRORORROOORROROORRROORORRROOOORROOOR",1,0,55,49,5,0.707868757108053,0.128668393770792,10,14,18,21,24,27,30
"17","RROOROOROOORRROORORORROOORORROROOORORRRORROORORRROOORORROOORRROOROROOROORRRORORRORROOORROOROORRORROO",1,0,58,51,3,1.31116599327969,0.0737864787372622,6,9,12,15,18,21,27
"18","ORRROOROOROORORRORRROOORROOROOROROORORROORRORORROORROROORROROORORROORORRORORORRROOORRRORROORORROOORO",1,1,63,50,3,2.31170491019869,0.115470053837925,6,9,12,15,18,21,33
"19","ROORRORORRORRROOOROORROROORORRROROOOROORORROOOORRROORRROROROROOROROORRORRORROOORRORORRORROOORROROORO",1,0,62,50,4,2.11068709192054,0.0816496580927726,7,10,13,16,19,22,34
"20","RORROOORORRROROOROOROORRRRRORORRORROORROOROORORROROOORORRORRRROROORORROORROROROOORRORROOROROROORORRO",1,0,64,48,5,2.53289814474791,0.0632455532033676,9,12,15,18,21,23,37
"21","ROORRORRROOOORORRORORRORORROOOORRORORRROROOROORRORORROORROORRRORORROOORORRROOROROOORRORORORRORORROOO",1,0,62,49,4,2.1155623081752,0.0737864787372622,8,11,14,17,20,23,35
"22","ORROOROOORRRORORORRROROOOROORROORROORROOORRROOOOOORROOORORORRRROOROOROORRROOROORRROORRRRORORRRROORRO",1,1,51,50,6,0,0.133333333333333,10,14,18,21,24,27,21
"23","ORRRORROOORORRROOOOORROOOOROORRRRROOORRRROORRROOORORROORRRORROORROOOROOORRRROORORRRORROOOOOORRRROROR",1,1,44,49,6,-1.30312203013073,0.0994428926011753,11,16,20,24,28,32,16
"24","ORORROROORROOORORRORRRROORRRROOORORORORORROROORORRORORRROOROORRORROOOORROROROOROROOORORRORORROROROOR",1,1,66,49,4,2.91995862307072,0.0875595035770913,8,12,15,18,21,24,42
"25","ORRROORROORROOORORORORROOORORRRRROROOOOROOORRRRORORROROROROOROROOORRORRRROROOROOOROROROROROORORROROR",1,1,64,50,5,2.51272272847684,0,9,13,17,20,23,26,43
"26","OOORORRORORROOOROOROORRRROOORRROOORORROOORROOOOOROROORRRORORROOOROORROORRROOORROROORORROOOORRROOOROR",1,1,52,55,5,0.203069233026724,0.097182531580755,9,13,16,19,22,25,23
"27","RROORORROOORRROOORRORORORRRRRRRRORORRROOORRRORORRORRORRRORRROORRORRRORORRORRORRORORRORRORROORRRORRRO",1,0,56,37,8,1.70012181385717,0.105934990547138,11,14,17,20,23,26,29
"28","OORORRROORRORROOORRROORORROORRRORRROOROOOORORROORORRORORROOROROOROROROOORROORORRROROOROOORORRROORORO",1,1,61,51,4,1.91446322945132,0.0737864787372622,7,10,13,16,19,22,33
"29","RORROORORROOORORRORRRROOROROORRORROROROOOROOROORRRROORRROROORRORORROOOOOROROORROROROORORORRROROROOOR",1,0,63,50,5,2.31170491019869,0.0471404520791032,9,13,16,19,22,25,38
"30","RROROORROOOOORRORORRROORRORRROOORROROROOOORORRROORRROROROORRROOROORRROORRRROOORROORROROORRRORROROORO",1,0,54,48,5,0.519465597253545,0.0632455532033676,9,13,16,19,22,25,24
"31","OOROOROROORRROORORROROORORROORORORRROORRRRRRORRRRROOOOOOORRRROROOROOORROOROROOROORROORORROROROOORROO",1,1,55,51,7,0.707868757108053,0.179195734076208,13,18,22,25,28,31,28
"32","OOORRRORRORROORORROROOORORROORRROROOORORRORRORRRORRROOROROROORRORORROORORROORRORRRRORROOOROORROROORR",1,1,60,46,4,1.78451459417472,0.0843274042711568,7,10,13,16,19,22,30
"33","OORORRRORORORROOORROOROORROOOROROROORRRRORORRROOROROROROORROORRORROORRRORORROROORRORROORORROORORORRO",1,1,65,48,4,2.73424139949734,0.0632455532033676,7,10,13,16,19,21,37
"34","OROROROROROROROROROROROROROROROROROROROROROROROROROROROROROROROROROROROROROROROROROROROROROROROROROR",1,1,100,50,1,9.74936418649013,0,2,3,4,5,6,7,100
"35","ORROOORRORROROORROOOOROOOROOORROOORRRRORORORROOOROROOROOORRROOORRROORRRROOOROOOROORORORRROROORROOROR",1,1,54,54,4,0.570559087933412,0.0843274042711568,8,12,15,18,21,24,26
"36","OOROORROROROORRROOOROOORORRORORRORROOROOOOORRRRORRRORORROROORROOROOROOORROOOROROROORROROORORORROOROR",1,1,62,53,5,2.15470639617583,0.0674948557710553,9,12,15,18,21,24,35
"37","ROOOORORRRORROROOROORROROROORROORROROORORROROROROOORORRROORORRROOROORORROOROROROROROORROROROORORRORO",1,0,70,51,4,3.72435493796623,0.0567646212197547,7,10,13,16,18,20,46
"38","ROORROOORRORRRORORORRORORROROOORROORORRORRORORORRROORRORORRORORRORORRORROORROOROOOORRORORORROROROROR",1,0,69,46,4,3.60544785353667,0.0843274042711568,7,10,13,16,18,20,44
"39","OORORRRORORROORROOOROORORORROOORRRROROROROOOROROORRRROROORROORORRROROOOOOROOROROROOORORROORRORRRRORR",1,1,60,50,5,1.70865145536425,0.14142135623731,9,13,17,20,23,26,35
"40","ORORRRROROORRROOOROORORROORORRRRORORORROOORRROOROOOORROOROROOORRROORORROORROOOORRROROOROROOORRRORRRO",1,1,55,50,4,0.703562363973514,0.0942809041582063,8,12,16,19,22,25,28
"41","OORRORRROOORRORRORRROORROORRORRORROOORORROORRRORORORRORRRORRROROROROROOROOROORRORRRROOROROROORORORRO",1,1,63,45,4,2.43683079632069,0.097182531580755,7,10,13,16,19,22,35
"42","OOORRORROORROORRRRRROOOOROOOORRRROOOOORRROORROOOORRRRRROORRORRORORRROOORRRROORROOOOOORRRORRROOROORRO",1,1,39,49,6,-2.30861742375013,0.172884033065199,12,18,23,27,31,35,9
"43","ORORROORROROORORORROORROORORRORROORROOORRRRROOOOOROORRORROORRORROORROROROROROROOROORROROROOORRORRORO",1,1,63,50,5,2.31170491019869,0.0471404520791032,10,13,16,18,20,22,34
"44","ORRROOROROOROORROROORROROORORROOORRORRRRORRROORORORROORORRROORRORROORORRORROOOROOORROROORRRROOOOORRO",1,1,57,49,5,1.11006691455581,0.0737864787372622,9,13,16,19,22,25,27
"45","OORRORRRRRRROROOORRROORRRROOOOOOOROORRRRRORROOORRROORROROOOOORRRRRRRORROOROOOORRRROORRORORRRRROOOORO",1,1,39,46,7,-2.26200375996296,0.150554530541816,14,21,26,31,36,40,14
"46","OORRRROROOOOOORROROORROOOORRORROROOORORORRROOOOOOOROROORRRRRRORROOROROORRROORROROROOROROORORRORRRORR",1,1,54,51,7,0.506769678384175,0.144913767461894,13,19,23,27,30,33,29
"47","OROORROROROORRORRORRORORRORRRROROOOORRORORRRORORRROORORORORROOORRRORORORRORROORRORRORORRORROOROROROO",1,1,67,45,4,3.24910772842758,0.108012344973464,8,11,14,17,20,22,42
"48","OORRROOORORRROOOORRRROOROROOORRROOOORRRORORORORORORROOORROORRRRROOROOOOROOORROOROOORRORORRROORROOORR",1,1,50,52,5,-0.0845641669947636,0.0632455532033676,9,13,17,21,24,27,22
"49","OROOORROORRORROORRORORORROORORORROROROORRORORRORORROORROROORRORROOOROROORORRROORORRORORORRRORROOORRO",1,1,67,48,3,3.13692790899622,0.0632455532033676,6,9,12,15,17,19,39
"50","OORROROOORRROROORROOOROORORORORRROROOROROORORORORRROROOROORRORRROOROOOORRORRORORRROOROORROORROOORORR",1,1,62,51,4,2.1155623081752,0.0737864787372622,7,10,13,16,19,22,34
"51","ORROOROROROOOROORRRRRROROROOOOROROROROROOORORROROOROOROROORORORROROROROROORORORORORROOROOROOROORORRO",1,1,73,54,6,4.41475152436421,0.0699205898780101,10,13,16,18,20,22,54
"52","ORRROORORRRROROROROOORORROORROOORRORORORROORRORORRROORRROROROOOROROORROROOOROROOROROOORORRRORROOOORO",1,1,63,51,4,2.31666138689908,0.0994428926011753,8,11,14,17,20,23,39
"53","OROORROOORRROROOORROROORROROROOORROROORRRORRROORORROORROOOROROOROORRROOOORROORORORROROOORRROORROORRO",1,1,57,52,4,1.12349536150185,0.0632455532033676,7,10,13,16,19,22,26
"54","OORORRRORORRROOROOOOORORROOOOROOORROOORRRROOORRRORROORROROORROOOORRRROOORORRROORORRRROORRORORORROOOR",1,1,50,51,5,-0.0965275577874611,0.0737864787372622,9,13,17,21,25,28,22
"55","RORROOORROROROOOORORRROROORRRRORORORRROOROROOORRRROORRORORORROOORRRROOROROROROROOORROORORRRROROORROR",1,0,61,47,4,1.95295486095337,0.0823272602348564,8,12,16,20,23,26,38
"56","OROOOORRRORRRROOORROOOROROOROROOOORRORORRORRROOROOROOROORORRRORORROOOORRRORROORRROOROORRROORRORROORO",1,1,55,51,4,0.707868757108053,0.0994428926011753,8,12,16,19,22,25,26
"57","ORROOROROORORORROOROOROOOROORRROROORRRORORORRORROOOOORRORROORORROOORORRROROROORRORRORORRORROROORRORR",1,1,64,49,5,2.51776046562296,0.0875595035770913,8,11,14,17,20,22,36
"58","OORORROROOROOORRORROOOROROOORRROOORRORROOROOOORROOOORRROOORROORROOORRORROOOOROOOOROROROOORRROOOROROO",1,1,51,59,4,0.232758290991974,0.0737864787372622,8,12,16,19,22,25,21
"59","OOORORORRRROROOROORRRRROROOOOOROOOOOORORROROROROROOROROROROROORROORROOOOORRRORORRORRROROROROOOROOORR",1,1,60,54,6,1.78451459417472,0.0843274042711568,11,16,21,25,28,31,40
"60","RROORORROOOOOORRROOOROOORRORORRROORRORORRROOOOORROORROROROROOOOORROROROORRORRROOOORRRORROROORRROOROR",1,0,53,52,6,0.318122342504109,0.0918936583472681,11,16,20,23,26,29,26
"61","OOOOOOOOOORRRRRRRRRROOOOOOOOORROOOOOOOOORRROOOOOOOORRRRRROOORROOOOOOOROOORROROROROROORRROOROOOOORRRO",1,1,29,63,10,-3.9094171658746,0.290784379834192,20,29,38,46,53,59,11
"62","OORORROROOORORROROORROORRORORORORRROORROORRRRORRRORRRROOROORRORROOOOROOOORRORROROROOOORRRRROOORRORRO",1,1,55,48,5,0.720808852002982,0.0918936583472681,9,13,17,21,25,28,27
"63","ORRROOROORROOOORORRORORRROOORROOROROROROROOOORRORRORRROOROROROROROORRRRORORRRORRORRROORRROOOROOORRRR",1,1,58,47,4,1.34770025528601,0.0948683298050514,8,12,16,19,22,25,33
"64","OOORRRRRORRORROOORORRORORORROROOORRRRRORROORRORRRORRORRORRORROROOOROOROOOORORROOOORRROROOROOORORRROR",1,1,56,47,5,0.944197184841094,0.115950180872841,10,14,18,21,24,27,30
"65","RROROOORRORORRORRROOROOROORRROORROROROORORORRROROORORRORROOORRORORROROORROOROORRROROOROROORROROROORO",1,0,66,49,3,2.91995862307072,0.0567646212197547,6,9,12,15,18,20,38
"66","ORORROORORRRROORROORORORORRRORRROORROORRORORORROORRORROROOOOOOOOROOOOOROROOOORRRRRRRRRORRRORRRROOOOO",1,1,49,49,9,-0.29762663651134,0.202484567313166,17,22,27,31,35,39,26
"67","OROROROORRORROOORRRRROOROOOROROROOOORORORRORRRORORORORROORRRROROORROOOORRORRROROORRROROORRROOROOOOOR",1,1,58,50,5,1.30661581880796,0.14142135623731,10,14,18,22,25,28,34
"68","OOROOORRORROORRRROORORROROORROOROORROORRROOROROROOROOORRROOROORORORORRRRROROROOOROOROORRORORRRRORORO",1,1,61,50,5,1.9096692736424,0.0666666666666667,9,13,16,19,22,25,34
"69","ROORROOORROOORROROROORROOORRRRRORORRROOOORORRORORRRROORORRROORROOORRRROORRROOOROORROOOORRRRRRORROORR",1,0,47,46,6,-0.643396418307891,0.0966091783079296,11,15,19,23,27,30,17
"70","ORRROOROROROROOOROORRRROROORORRRROOOOORRORROORROORORROROOORRORRROOOROORROORRROOORRORROOOOROOOOROORRR",1,1,52,52,5,0.116779087754673,0.0632455532033676,9,13,17,21,24,27,23
"71","ORORROORRORROROORORORRROOORRORROOORROORORRORROROORRROROOORRROROROOROORRORRORROORORRORORRRRROOORORORO",1,1,63,47,5,2.35645793139829,0.105934990547138,8,11,14,17,20,23,36
"72","OROORORRORRROROOROROROOOOROROOORORRRRROOORORROOROOROOOOOROORRROOORROOORROROOORRROROROROOROORRORORROO",1,1,59,55,5,1.62455386421379,0.108012344973464,10,14,17,20,23,26,34
"73","OOOOOOOOOORRRRRRRRRRRORORORORRRRRRRRRRRRRRRRRRRRRRRRRRRRRRRRRRRRRRRRRRRRRRRRRRRROOOOOOOOOORRRRRRRRRR",1,1,12,24,52,-6.90861213226493,0.419523539268061,63,73,83,93,94,95,7
"74","ORROOROROORORROOORROOROORRORORORORROOORRORROOROOROROORORROORRROORORROOORROOROORRROOOORROROORORORORRO",1,1,63,53,4,2.35645793139829,0.0483045891539648,7,10,13,16,19,21,33
"75","ORROOORORRRROORORROOROORORROROOORRRORORORORORRORORRROORORROROORRRORROORRORORRROROORRRORORORORRROROOR",1,1,66,45,4,3.04603849540086,0.0707106781186547,7,10,13,16,19,22,42
"76","OORORRROROROORRRORRORORORROOOORORROOORORORRORRROOROORORORRROROROOROORRORROORROROOORRRORORRRROROOOROO",1,1,63,49,4,2.31666138689908,0.0737864787372622,8,11,14,17,20,23,38
"77","ORRROOROORRROOORORORORRORROROOROROORRORORRORROOROROOROOORROOROOROOORRROROORROORORROROORRRRORORROOROR",1,1,64,50,4,2.51272272847684,0.105409255338946,7,10,13,16,19,22,36
"78","OORROORROORRROROROOORROROORROORROORROORRORRROORROORROORRORROORROOROORROOOORROORROORROORROORROORRROOR",1,1,52,50,4,0.100508909139073,0.0816496580927726,7,10,13,16,18,20,10
"79","OROORORROROROORROORROOOROORROORROOORRORRROOROOOOOORROROORRROOOROOOORRORRORRORROROROORORRROROROOOROOR",1,1,58,54,6,1.37986275876095,0.157762127549323,10,13,16,19,22,25,29
"80","OORRRORORROOOORRRORROORRORROROROROORORRORRRORORORROORORROORRORORROORROORRRORRORROORROOROORRRORORRORO",1,1,63,45,4,2.43683079632069,0.097182531580755,7,10,13,16,19,21,33
"81","ROORRROOROOOORRORROOROROOORRRRRROOROORORROORRORRORORRROOORRROOROROOROORRROOROORROOORROROORROOROOORRR",1,0,53,50,6,0.30152672741722,0.105409255338946,10,13,16,19,22,25,21
"82","RRRROROOROOROOORORORRORRROROROOORORRRRRORROROOOORRROROOROOROOROOOORROOORORRORORRROOORRORORORRROROORO",1,0,60,50,5,1.70865145536425,0.105409255338946,9,13,17,20,23,26,37
"83","ORRROOORRRROROORROOORROOOORROOORROORORORROORRROROOORRRORROROOOROORROORRORORROOOORROOROOORROROROROROR",1,1,56,52,4,0.922152106752418,0.0788810637746615,8,12,15,18,21,24,27
"84","OOROORRRORRORRROOROOORROOORORRRORROORORROORRORROORROORROOORORORRORORRROROOORROROOORRRROORRRORORRROOO",1,1,55,48,4,0.720808852002982,0.0918936583472681,7,10,13,16,19,22,24
"85","OORORROORRRROORROROOOOROROOROORORROROOROOROOORROORRROORROROOOORRRORROOOROORRORROROORROROORRROROOORRO",1,1,57,53,4,1.14594872006355,0.0674948557710553,8,12,15,18,21,24,26
"86","OOROROORRORROORRRORRORORRROOROROROOORORROROROORORROROOROROORRROORRRORORORROORORORROROROORORORROORORO",1,1,71,49,3,3.92545401669011,0.0875595035770913,6,9,12,15,17,19,47
"87","RORROROORROORORROORORROOORROROORRROOORROROROROORRORROOOROROROORORORROOROORRORRROORROROOROOROORRORORO",1,0,66,51,3,2.91995862307072,0.0737864787372622,6,9,12,15,17,19,37
"88","ROROORRORORROROOOROROORRRROORRROROOOROOOORRORROROROOORROORRORRROOORORROOOOORRRORRRORRROOROORROOOORRR",1,0,53,50,5,0.30152672741722,0.105409255338946,9,13,17,20,23,26,25
"89","OOROROOORORROOROROOOOOOORROROROOORROROROOROROOROOOOOROROROORRROROROROROOROROROROORRORRROOOROROROROOO",1,1,67,59,7,3.55787673373447,0.0875595035770913,12,15,18,21,24,27,48
"90","ORROROOROORRROORORROORROROORRRROROORRRROOOORORRORORORORROOORRRROOROROOROROOOORRORORORRROROOOORRORORR",1,1,60,49,4,1.71336415072745,0.0875595035770913,8,12,16,20,24,27,35
"91","RORRROOOROOORORRRRORORORROOROOROOORORROROORRROROROORRROROOOROOOORRORRORRROROOROOOOROROOOROORROROROOR",1,0,61,53,4,1.95295486095337,0.0823272602348565,8,12,15,18,21,24,37
"92","OORORRROOORROOROROOORRRORROORRORROORROROORORRRROORRRORROORROROOOORRRRROROORRRROROORRRORRROORORRROOOR",1,1,52,45,5,0.203069233026724,0.097182531580755,9,13,17,20,23,26,22
"93","OORRROORORRRROROOOROOROORROORRRROOORORORRRROOROOROORORRROOOROOROOOORRORRORRRORROOOROROORORRROORORROR",1,1,56,50,4,0.904580182251661,0.105409255338946,8,12,16,19,22,25,28
"94","ORRROOROORRRORROOORORORROROROOROOORORRORORORORRRORORROOROOORROORROORRRORRRORORROROOOOOROOORORORORROR",1,1,64,50,5,2.51272272847684,0.124721912892465,8,11,14,17,20,23,40
"95","ORORORORORROROROROROOORROORROORROORROORROOORRROOORRRROOORRROOOROOROORORRORRORRORORROOROORORORORORORO",1,1,65,51,4,2.71885954434684,0.119721899973786,7,10,13,16,19,22,39
"96","OROOOORRORRRROOOROORRRROOROOROOROORORROOOORORRRROOROOROORRORROOOOOOORRORRRROROORROOROOROROROORRROROR",1,1,54,53,7,0.540694114396182,0.0948683298050514,11,15,19,23,27,31,27
"97","RROOOOOROOOOOORRORRRORORRRRRRROOROOROOROROROROORORORORROORORORRROORROORROOORRORORRROROORORORRRRROORR",1,0,57,48,7,1.12349536150185,0.154919333848297,13,18,23,26,29,32,33
"98","ROORORRROOORROROORRRRORORRROORRORROOOOORRORORORRORRRRORORRRORORRRORORRRORROOORRRRRRORORRROROORORRRRR",1,0,55,39,6,1.25120174979041,0.0994428926011753,11,16,20,24,27,30,32
"99","ORROORRROOROROOORORROOORRROROROOROORROOORRORORORROOORROROROOOORORRORORROROORRRORROROOORORRORORRORRRO",1,1,63,50,4,2.31170491019869,0.0942809041582063,7,10,13,16,19,22,37
"100","OROORORROORORORORROOOROOORROOORRROOROROROORRORRRORRROORROOOROOORRRROROOROROROROROORROOROROOORRORORRO",1,1,63,52,4,2.33155488999847,0.0918936583472681,7,10,13,16,19,22,37
"101","RROROOORROORRROROORROORRORRROORROROORROROOORROOORRROROORROROOROOROOROROORORROORRRRORROROROOOOROROROO",1,0,60,51,4,1.71336415072745,0.0994428926011753,8,11,14,17,20,23,30
"102","OOORORRORORORROROOORORROROOORRROOORORROOOORORROROOORORRROOOROORROOOORRRRRROOOROOROROROOORRORROORRROR",1,1,56,53,6,0.944197184841094,0.0674948557710553,10,14,17,20,23,26,31
"103","ORROORROOROOROROORROROORROOOOORORRROORRRROROOROROOOORORORROORRROROOOROOOOORRRRORROOROROROORORORROROR",1,1,60,53,5,1.75120332573092,0.115950180872841,10,14,18,22,25,28,35
"104","OORORORROROROOOROROOROORROOOROORRROROORORROORORROOOOROOROORRORROORRROOOORORROOROROOROROOORRROORORROO",1,1,61,56,4,2.08472854413567,0.0699205898780101,8,11,14,17,20,23,32
"105","OOROROORRRORORRORORORORRROORRORROOOORORROROORRROROORORROOORRRROROROOORROORRORORROORRORORORROORORROOR",1,1,64,48,4,2.53289814474791,0.0421637021355784,8,11,14,17,20,23,37
"106","OORORORRORORRRORORROOORORRROORROROOROROOORROROROORRRORROORORORORORROOOROROORROORRORRROROOROORORRORRR",1,1,66,48,3,2.93558465424678,0.0788810637746615,6,9,12,15,18,21,40
"107","ORRORROOOOOORRORORRORRORRROORRRORROOORROORRORORORROORORROOORORRROOROROROROOORROOORROORRRROOOORROORRR",1,1,54,49,6,0.506769678384175,0.0994428926011753,10,14,17,20,23,26,24
"108","OORROORORORROROOORROORORRORROOOROORORRORRORROROORRRRRORROOROOOROROROORORROOROORORRORORROOROROROORRRO",1,1,65,50,5,2.71374054675498,0.0816496580927726,8,11,14,17,19,21,37
"109","OORORRROORRROROOROOOORRORORRORROORROOOROORORORRROOOORRORROROORRROOORORRORORRORROOORRORORROORROOROORR",1,1,58,50,4,1.30661581880796,0.0666666666666667,8,11,14,17,20,23,27
"110","OORORRORRRORROROORORROOOROROORRRORORROOORRROOOROROORROOROROOROROORORRRORRORORROORORORROROORROROROROR",1,1,68,49,3,3.32215678051847,0.0737864787372622,6,9,12,15,18,21,43
"111","OORROOOROROOOROORRORRORRROORRRROORROROROORROORRRORORRORRORORRRROOORORRRRRORRORORROORROOORROOROOROOOR",1,1,56,47,5,0.944197184841094,0.133749350984926,9,13,16,19,22,25,26
"112","ORROOOROROOROORRRROORORORROORORRROORORROROROORROROORORRRROROROOOROROOROROORORORORROROOROORORORROROOO",1,1,69,52,4,3.53961441849509,0.0788810637746615,8,11,14,17,20,22,46
"113","ORROROORORROROOORROORROROROOROOORRORORORORORORROORRORORROOROROROROROORORRROOROROORRORORRORORRORORROR",1,1,74,49,3,4.52875125286175,0.0567646212197547,6,9,11,13,15,17,51
"114","OORORRORROROOORORRORORROORRORROORRROROOROROROOORRORRORORROORORORRORROORORORROORRORROOORORORORRRORROR",1,1,68,47,3,3.36521560751057,0.0948683298050514,6,9,12,15,17,19,41
"115","OORORORRRROROORROOORROROOROORRRROOORORORORROORRORORORROROOORROROROORORORORROORROOORRORROOROROORROORO",1,1,65,51,4,2.71885954434684,0.0567646212197547,8,11,14,17,20,22,38
"116","ORROORORROROROOORROROORROROORRRROROORROOORRORROORRROROROROROOOORROOROORORROORORRORORROORRORROORROORR",1,1,62,49,4,2.1155623081752,0.0875595035770913,8,11,14,17,19,21,31
"117","RRROROOROROORRORORRROOORROROORRORROORORRROROOROOROOROORROROORORROROORRORRRROOROROOOROORORROROOORROOR",1,0,63,50,4,2.31170491019869,0.105409255338946,7,10,13,16,19,22,34
"118","RRORRROOROOORRORRRRORORROROOOOROOORORRORROORROOORRORROOOORROROORRROROORROORORROOROOORROORRRRRORORRRO",1,0,54,48,5,0.519465597253545,0.0918936583472681,9,13,17,20,23,26,24
"119","ROOROOORRORRRROROORORRROROOORROOOOOROOROORRRROROOORORRROOOROOORROROROOORORRRROROROOOOROOORROOOROORRO",1,0,54,55,5,0.609207699080171,0.135400640077266,9,13,17,21,24,27,29
"120","OORORROROOORRROORORRROORORROOOROROROORRRROOORROROOOORORORRRORORROROOROROROORORRROOORROROORRORROORRRO",1,1,61,50,4,1.9096692736424,0.0942809041582063,8,11,14,17,20,23,35
"121","ORRRORROORROOROOROORRORORROOROROORORORRRORROOROORORROOOORORRRRROORORROOOROROROORROROOROROOORROROOROO",1,1,63,52,5,2.33155488999847,0.0918936583472681,9,12,15,18,21,23,35
"122","OOOOOOOOOOOOOOOOOOOOOOOOOOOOOOOOOOOOOOOOOOOOOOOOOOOOOOOOOOOOOOOOOOOOOOOOOOOOOOOOOOOOOOOOOOOOOOOOOOOO",1,1,1,100,100,0,0,NA,NA,NA,NA,NA,NA,0
"123","ORROORRRRORROOOOROROORROORRRROORROORORORROOROROORRRRORORROOORROOOROOORRORRROOORRORROORROROOOOOORRRRO",1,1,51,50,6,0,0.0816496580927726,10,14,18,22,26,29,21
"124","OOORRORRORRORRROROORORROROOOOROORRORRRROROOOROROOOOROORRORRRRORRROORRRROROOORROOOROROORROORORROOROOO",1,1,55,51,4,0.707868757108053,0.128668393770792,8,12,16,20,23,26,27
"125","ROORRROOROORRORORRROOOROORROORORROORRORORORROORORRROROORROORORROROORROROORROROORORRROORROROROOROROOR",1,0,65,49,3,2.71885954434684,0.0737864787372622,6,9,12,15,17,19,35
"126","OORORRROORORROOROROOROROOORRORORORROORRRROOROORRORORROROOORORROOORORORORROORRROORORROROOORORRROORORR",1,1,64,50,4,2.51272272847684,0.0666666666666667,7,10,13,16,19,22,37
"127","RRORROROOOROORORRROROORORROORORROROOORORRORRRROROOROOOORORROROORRRORROORROOROORRORROOORORORRORORROOR",1,0,63,49,4,2.31666138689908,0.0875595035770913,8,11,14,17,20,23,35
"128","OOROROOROROOOROOORRORRRRRROOOOOROORORRORORRRORROOOROORROORROROROOROROROOOOOORORORRORRRRROOOOROOOOOOR",1,1,54,56,6,0.656832281029048,0.164654520469713,12,18,23,28,32,35,32
"129","OROOORROROROOORRORORORRROORRROOOROOORROORORROOROROOOROROORROROORORRROOOORRORORORORRORORROORRORROOORO",1,1,63,53,4,2.35645793139829,0.0823272602348565,7,10,13,16,19,22,37
"130","OOORROOROORRORRROROOROOOORRRRRRROROOROOOORROROOOORROROOORRROROOROROOROORRORRRROROOOOORRORRORROROOROR",1,1,54,52,7,0.519465597253545,0.122927259430572,12,16,20,24,28,31,28
"131","RORORORORORORORORORORORORORORORORORORORORORORORORORORORORORORORORORORORORORORORORORORORORORORORORORO",1,0,100,50,1,9.74936418649013,0,2,3,4,5,6,7,100
"132","ORORORORORROROROROROORORORORORROROROROROORORORORORROROROROROORORORORORRORORORORROROROROROORORORORORO",1,1,91,50,2,7.94020382198681,0.0471404520791032,4,6,8,10,12,14,82
"133","OORORRROROORRRORORROROORRROROROOORORRRROROROORRORORROROORORRORROOROORORROROOROROOROORRROROROROORRORO",1,1,69,48,4,3.53961441849509,0.0632455532033676,7,10,13,16,19,21,45
"134","OORROROROORROOOROROROOOROORRORRORROOROORORORROOROOROROOROORORRROROROOROOROORRRORROOROORROOOORROROORO",1,1,65,55,4,2.84296926237413,0.0707106781186547,7,10,13,16,18,20,36
"135","OORORROORORROOORRROOORROOORROOOORORROOROORRROOORORROOORRROROOORROORROOORROOROORROORRROOOORROOROORROR",1,1,50,55,4,0,0.052704627669473,8,11,14,17,20,23,15
"136","ORRROOROROROROOROROOROORROROOROORORRORORROOROROORROORROORRORRRORROOORORRROOOROROORROROROOROROROORORO",1,1,69,52,3,3.53961441849509,0.0421637021355784,6,9,12,15,17,19,43
"137","OORORRROROROROOORRORROORRORROOROROORORRORORRRROROOROOORORRORORROROOORROROOROROOROORRORROORRRRORORORR",1,1,66,48,4,2.93558465424678,0.0788810637746615,8,11,14,17,20,22,40
"138","OOOORROROOORRROORRORROROOORRRORRROROROOOOORRORORORRROOOORRORROOOOOROORRRROROOROROROORORROORORRRROORO",1,1,55,52,5,0.720808852002982,0.113529242439509,10,14,18,22,26,29,30
"139","RRORORRROROOROROORORROOOORRORRRORROOORROORORROORRRORROORORORROORROOOROOOROROOROOROROORRROOOOROROOROR",1,0,61,52,4,1.9288683804996,0.113529242439509,8,11,14,17,20,23,33
"140","OROORROORORROOROORROOORROOORROOROORROROORROROORROOROROROORROROOROROOROOORROROORROOROROROORROORRORROR",1,1,64,54,3,2.59381826500225,0.0699205898780101,6,9,11,13,15,17,31
"141","ORROROOORORROOROORRRORORROROOROORORRRORORRROOROORROROOOORORRROOROROORORRORROOORORORRROROOOOOORORRORR",1,1,62,51,6,2.1155623081752,0.0737864787372622,10,13,16,19,22,25,37
"142","ORROROORORROOROORORROROROROROOROROROOROROORORORORRORROOROORRRORORORROOOOORORORORORRORORORORRRRRRRRRR",1,1,70,47,10,3.76871867795548,0.170293863659264,15,18,20,22,24,26,52
"143","OORRROROORRORROORROROOOROOORRRRORROORRORROORRORROORORORROORRORROOORRROOOORRROOOORRROOORRROOORRROORRO",1,1,49,49,4,-0.29762663651134,0.0994428926011753,8,12,15,18,21,24,15
"144","ORROOORROROROOORROORRORRRORROOROORRORRORORROORORRORROORORROOOORROORORRRROROOROROOORRORROOOROOROORROR",1,1,60,50,4,1.70865145536425,0.0666666666666667,8,11,14,17,20,23,29
"145","ORROOORORRROORRORROOROORRROROORRROOOROORORROORORROROORROROROOORRROORORRRROORORORORROOROORRROROORRORO",1,1,61,49,4,1.91446322945132,0.0316227766016838,7,10,13,16,19,22,32
"146","RROOROOROROROORRORROROROORORORROROORROOROROOROROROROOROROORRORROOOROORROROROROOROORORROORRRROORORORO",1,0,72,52,4,4.1436441827434,0.0421637021355784,7,9,11,13,15,17,47
"147","OORORRROROROORORROOOORROOOROROORORROROORRRORRROOROROOORRORROOOROOORROROROORROROOOORORRROORROORORRROR",1,1,60,52,4,1.72752512575016,0.0788810637746615,8,11,14,17,20,23,33
"148","OORORRROORRROOOOORROROORRORORROOROORRRROORRROROOORORROOORROORROROOORRORROOROORRROOOOROORROOORROROORR",1,1,52,52,5,0.116779087754673,0.0918936583472681,9,13,16,19,22,25,19
"149","ORRRRORROOOOORORRORRROOOOOOROOORRRORRRROOOORRORORRROOROOORRRROOOORRROROOORRORROOORRORORRROOOORROOORO",1,1,45,52,6,-1.09128044074195,0.147572957474524,11,15,19,23,27,31,19
"150","ORROORROORRRROORORORROOROOORORRORROOROROROROOORRROOOROORRORRORROORORORORORROORRROOORROORORROROOROORO",1,1,63,51,4,2.31666138689908,0.0737864787372622,7,10,13,16,19,22,34
"151","RROROOORORORROORORROORROOORRORORORROOOROORRORORRRRRROROOOROROOORROROROROORROOOOROOORRRRRORRORROOOROO",1,0,58,51,6,1.31116599327969,0.0994428926011753,11,15,18,21,24,27,32
"152","RROOOROORORRORORROOROORORRORORROOOROROOROORORRORORRRORROORRORORROORRRROOROORORRRRRORROROORROROOORROR",1,0,63,47,5,2.35645793139829,0.0948683298050514,9,12,15,18,21,23,35
"153","RROROORORRORROORORROOORRROORORRROROOORRRRORROOROROORROORRROORROOORRORRROORROROORRRROOROROROOORRRORRR",1,0,55,45,4,0.812276932106895,0.052704627669473,8,11,14,17,20,23,24
"154","OORORROOORRROROORROOROOOORORRORORROROOOORROOORRROROROROORORRRRROROOOOOORORRRRORORROOORORROOOROROOROR",1,1,58,53,6,1.34770025528601,0.0823272602348564,11,15,19,23,26,29,35
"155","OORORORRRORRORRRORROOOOROORRRRRRORROOORRROORORORROOOOOROORORRRRRROOOOROROOORRORORORROOROROOORRORROOR",1,1,54,49,6,0.506769678384175,0.110050493461461,12,17,21,25,28,31,29
"156","OORORORRRROROOROROROORORRORRROROORRORROORORROROOOROORROROOOOORRORORRRRORROORRRRORROORRROOORORORORRRO",1,1,61,47,5,1.95295486095337,0.115950180872841,9,13,17,20,23,26,36
"157","ORRROROOROOROROORORROORORORROROORORRRROROOROOORORORORROOROOROOORROROORRROROROOORROOORRORORROORRORORO",1,1,67,52,4,3.13692790899622,0.0788810637746615,7,10,13,16,19,22,42
"158","OROORROROORROROORROROORROROORROROORROROORROROORROROORROROORROROORROROORROROORROROORROROORROROORROROO",1,1,67,51,2,3.1210577017946,0.0875595035770913,4,6,8,10,12,14,34
"159","ORROORROORROORROORROORROORROORROORROORROORROORROORROORROORROORROORROORROORROORROORROORROORROORROORRO",1,1,51,50,2,0,0,4,6,8,10,12,14,2
"160","ORROORORROROOORROROORROROROOORRORORROOROOORRRORROORROROOOROROOORORROORRORRROROOROOOORORRORRROORORORR",1,1,62,51,4,2.1155623081752,0.0737864787372622,7,10,13,16,19,22,34
"161","ORROOORORROORORORRORRROOROORROROOROORRROOROORROOROORRORORRORRRORORROROORORROROORORROROROOROOROROOROR",1,1,68,50,3,3.31679400158943,0.0666666666666667,6,9,12,14,16,18,40
"162","OOOORRRORORRRROORORRROROROROORROOROROORORROOORORRORORRORROORORRORRORRORROOORROROROOROOORORORROORRROR",1,1,64,48,4,2.53289814474791,0.103279555898864,8,11,14,17,20,23,38
"163","OROROORRORROOOORRORROOROROROROROORROROORROOORRORROOROOROORORRORRORORRROROROROORRORRORROORORORRORRROO",1,1,67,49,4,3.1210577017946,0.0875595035770913,7,10,13,15,17,19,39
"164","OORORROROORROORORROROROROOORROOORORRORRRROOROOORRORRROROORORROOROORRROOORRROROOROORRROOORRRORROORORR",1,1,58,49,4,1.31116599327969,0.0875595035770913,7,10,13,16,19,22,28
"165","OOORROROOROROORORRORORORORORORRORRRORORROROOOOROROROROROORORORORRROROOORRRROOORORROOOROROOORRROORORO",1,1,69,52,4,3.53961441849509,0.103279555898864,8,11,14,17,20,23,50
"166","OORORORRRORROROOROOORORORROROORROROROORROROOROROORORORRROROOROROOOORROOROROROROOOORRORORRRRRROROOOOR",1,1,66,52,6,2.93558465424678,0.0788810637746615,10,14,18,21,24,27,45
"167","ORROROORROROORRROROOORROROORRORROOROORRORRORORROOROROORRORORRROROOROOROORROROORRROROORRROOORORROOROO",1,1,63,50,3,2.31170491019869,0.0471404520791032,6,9,12,15,18,20,32
"168","ORROOORRORRRRRROOOOOOOOOORRRRRROROROROROORORORORORROORROORRORRROROOROOOOROROORRRORROORROORORROORROOR",1,1,54,50,10,0.502544545695367,0,16,22,26,29,32,35,29
"169","ORORROOOROROORRRORORRROROOROROORROORRROOROROOORRORORROROORRRORRORROOORROORROOROOORRORORRROORRORORRRR",1,1,60,47,4,1.75120332573092,0.0948683298050514,7,10,13,16,19,22,31
"170","ORRROORORRROOOORROROOOROORROOORRRRORROORROOORRRORROOOOROORRORRROORORROORROROOOROROOROOROORROROOROORO",1,1,55,53,4,0.742445649618638,0.141813649241218,8,12,15,18,21,24,24
"171","RROROOROORORORROORRORORROOORRORROORORROROROOROROORRROOROOOROROORROROORORROORORROORORROROORROORRROORO",1,0,66,51,3,2.91995862307072,0.0567646212197547,6,9,12,14,16,18,36
"172","ORRRORROROOOOROORORRORORROROORROROOORROOOOORRORORRROROOOOROORRROORORROROORORROROROOROROOROOROOROOROR",1,1,64,54,5,2.59381826500225,0.0966091783079296,9,13,16,19,22,25,39
"173","OROOOROROOROROORROORORORROOORORRRORORROOORROOORRROORROORROROORROROORORRRROROROORRROORROOROORRORROORO",1,1,61,51,4,1.91446322945132,0.0875595035770913,7,10,13,16,19,22,31
"174","OOORORROORRORROROOORORORRORRRORROOOOORORROOORRROOOOORROROOORROORORROOROROROOORRRRROORORORROOROOOOOOR",1,1,54,55,6,0.609207699080171,0.117851130197758,11,16,21,24,27,30,28
"175","ROOROOORRORROROORORROORORROROOROOOROROORRRORROORROORRORRORRROROROORORRORORROOORROORROROROROOOOROROOO",1,0,64,52,4,2.53289814474791,0.13984117975602,7,10,13,16,19,22,36
"176","ORROOOROOORRORORRORROOROROOOOORROORROORRRRRORROROROROOOORRORRROORROROOOOOOOORRORROOOORRRRRORRORROROR",1,1,52,51,8,0.104571520936417,0.179195734076208,13,18,23,27,31,34,26
"177","OORORRORROOROORORRORRROROOROORORROOORORRRROROROOROORROORORRROROROORORORROORRORRORORROORRORORRORORROO",1,1,67,48,4,3.13692790899622,0.0632455532033676,7,10,13,15,17,19,39
"178","ROORROROORRROOROOROROORORRROOOROORROORORORRORRRORROOROOROROORROOROROROOORRORRORORROROOROORORORRORORO",1,0,68,51,3,3.32215678051847,0.0994428926011753,6,9,12,15,17,19,41
"179","ORROORRORORROROOROROOROORRORRORROORORRORORRORORORORORROORROOORORRORORROOROROORRORORROOROROOROORROORR",1,1,70,49,3,3.72435493796623,0.0567646212197547,5,7,9,11,13,15,41
"180","OORORROROOOROORRORROORRROORORORRROOROROOORROROOOROORRORRROORROROOOOOROROOORRORRRROOROROORRROOORORORR",1,1,58,52,5,1.32483861625129,0.0918936583472681,9,12,15,18,21,24,30
"181","ROORROROOROROOORORRRRROOOORROROORORROOROOROOOROROORORROORROOORRROROOOROORORROOROROOROORORRORROOROROO",1,0,62,55,5,2.23376156329396,0.0707106781186548,9,12,15,18,21,24,34
"182","OORORROROORORROOORORORROROROORROORROROROROORORORROORORROORORROORRRORROROORROOROORORRORORROROOROORORO",1,1,71,51,3,3.92545401669011,0.0737864787372622,6,8,10,12,14,16,44
"183","ROOOORROROOOORROROROORROOOOOOROOORROORROROORRRRORRROROOOROOOORRROROOOROROORORROROOORROORRRORRROOOROR",1,0,53,55,6,0.406138466053448,0.117851130197758,10,14,18,22,25,28,27
"184","OOOOROROOROORRRRRRRORRROOROORRROOORRORORRROORROOOORRRRORRRRORORRORROROOROOROROORORRRRRRROROORORROORO",1,1,53,45,7,0.406138466053448,0.177951304200522,14,18,22,26,30,33,28
"185","RORRRORRRRRROORORRRRRRORORRORORORORRORORORRROROORROORRROOOORORROOROORROOOOOOORORRORRRRORRRROOOROROOR",1,0,55,44,7,0.860817461472852,0.189736659610103,13,19,23,27,31,34,33
"186","ORROROORRRROORROOORORORRROROORRRORORROROORROOORRRORORORORRRRRROROOOROROROROROORRORRRROORORROOROROROO",1,1,63,46,6,2.39149234729537,0.0966091783079296,10,14,17,20,23,26,40
"187","RROROOROROORROORORRORRORRROOROORROORRROROOOORRORORORROROROOORROROROROORROROROROOOORRORRORROORORROROR",1,0,67,49,4,3.1210577017946,0.0737864787372622,8,11,14,17,19,21,41
"188","OORORRROROORROROOOROROORRORROORRROROOROROROOOROROORROROROOROOROORRRROROROORORORRRRROOOOOOORORRROROOR",1,1,62,52,7,2.13021163524904,0.113529242439509,12,16,19,22,25,28,39
"189","OORRORORORRORROOOROORRRROOOOROOROOROROOORRRRROOOOOORORROORRROOORORROOROROOORRROORRRROROOOOOOOORRRORO",1,1,49,55,8,-0.203069233026724,0.0849836585598797,14,19,23,27,31,34,24
"190","RROROOOOROORROROORRORROROORRROOORRRRORORORRROROORORRROOROOROOORROROROORORRRORROOORROROOORRRORROOOROO",1,0,58,50,4,1.30661581880796,0.0816496580927726,8,11,14,17,20,23,30
"191","ORROOORRRORORROORRORRORROORORORROROOORRORROROROORRRORROORORRRORRORRORROOROORROROORROROORORRRORRORROO",1,1,63,45,3,2.43683079632069,0.0849836585598797,6,9,12,15,18,20,32
"192","OROORORORRRROOORROROOOROORROORROORRROORROROORRROORRORORROORROROOROORRORRROOOROROOORROORORORROROORROR",1,1,60,50,4,1.70865145536425,0.0816496580927726,7,10,13,16,19,22,29
"193","ORORROOORORRORORROORORROORRROORROORORROOROOROOROROORORROROOROOORORRORORORROORRORROROOROROROORRRORORO",1,1,69,51,3,3.52325585924235,0.0737864787372622,6,9,12,14,16,18,42
"194","OOROORRORROROROOROOROROOOORRROORRRROORORRORROORROORROORRORORORROORORORORRRROOROOROOOOROROOORORROROOO",1,1,61,53,4,1.95295486095337,0.0948683298050514,8,12,16,19,22,25,33
"195","ORROORORROROOOROORRRORRORORORROORROORORRORORORROORROORROROROORROORORROROORRRORROORORRORORORROORORORR",1,1,68,47,3,3.36521560751057,0.0483045891539648,6,9,11,13,15,17,39
"196","ROOORORRORRROROORROOOROORRROROROORORRROOOORRORROORORROROOORRRRROROORROROROORRORROORORRORORORRROOROOR",1,0,61,48,5,1.9288683804996,0.0421637021355784,9,12,15,18,21,24,34
"197","OROORORORRRRROROROROROOORORORROORRORORORRROOOOOOOROOORORORRORORORRORORROOOROOOOROOOORRORORRROOOOORRR",1,1,60,54,7,1.78451459417472,0.107496769977314,12,17,21,25,28,31,41
"198","OOOROROROOORORRROOOROORRRROORRRRRRROORROOOROOROOROROROORRORRORORROROORORORORRROORROOROROOROOROORRORR",1,1,60,50,7,1.70865145536425,0.124721912892465,11,14,17,20,23,26,33
"199","OROOORORROOORRROOORORROROROROROOORRORORRRROORORROOROOORRROOOORRROOOORRROORRORROOORROORROOORROORRRORR",1,1,52,51,4,0.104571520936417,0.0994428926011753,8,12,15,18,21,24,22
"200","ROROROORROROOORRRRRROROOORROROOROOOROORRORRRRROOOROOROOOOOROROORROOROOORRROOOORRORRROOORROROOOOROORO",1,0,52,55,6,0.203069233026724,0.143372087784044,11,16,20,24,27,30,26
"201","OROROOORRRORROOOOOORRRRRROROROORRORRORORRROOROOROOOORRRORROROOORROORRRRRRORRROROOOOOOOORRRRRRROOOROR",1,1,46,48,8,-0.889937185992509,0.147572957474524,15,21,27,33,37,40,24
"202","ORROROOORRRROROOROOROOORRRROROORROOROOORORROROORRRRROOOROROOOOORORORRRRROROORROOOOOOORRORORORROROORR",1,1,54,52,7,0.519465597253545,0.0918936583472681,12,17,22,26,30,33,30
"203","OORORRROROOROROORROOROOROORORROORROORROORROOROROROOORRROORRORORROOOORRORRROORRROORRORROOROROROOORROO",1,1,59,52,4,1.52618187100073,0.0632455532033676,7,10,13,16,19,22,26
"204","RRROROOROOOORRORRORRRRORORROROOOOOORRRORRRRORORORROORRROORORRRROOROROROORRRROROORRROOOROROOORRORORRR",1,0,55,45,6,0.812276932106895,0.0849836585598797,10,14,18,22,26,29,31
"205","ORORRORROORRROOROOORRORROORORORROORROOOROORRROROOORRROROORROOORORORRORRROROROOROOOORORRORRRROORROROR",1,1,60,49,4,1.71336415072745,0.0567646212197547,8,11,14,17,20,23,32
"206","ORROORORROROOORRRORRORROORORORROORROROORORROOROROROOORORORRRRORROORORORRORORORRORORRRORORROROROOORRO",1,1,69,47,4,3.56696714273302,0.0823272602348564,7,10,13,16,19,21,45
"207","OOOOOOOOOORRRRRRRRRRRORORORORORROORROORRRRROOORRROOOORRROOORRRRROORRRROOOORROOOOOOOOROOOORRRRRORRRRO",1,1,33,49,11,-3.5152118960934,0.314289321768618,21,29,34,39,44,48,12
"208","RROROOORORRORROROROOROOORORROROORORRORRORORROOROOOROORRROROROORRRROROORRORROORROOORRORORRRROROORORRO",1,0,64,48,4,2.53289814474791,0.0632455532033676,8,11,14,17,20,23,37
"209","OROORORROOROROOORORRROORORRROOROROORROOROROOROORRROOROOOORRORORROORRORROORORROROOROORROOORROORORRORO",1,1,63,53,4,2.35645793139829,0.0823272602348565,7,10,13,16,19,21,33
"210","ORRRROORROROOORRRORORROROOOOOOORRRORRORROOORROROOOORRRROROORROOORRRRRRORROORRORROOROROOROORRROOOORRR",1,1,48,48,7,-0.487250676493636,0.161932770686548,13,17,21,25,29,32,20
"211","ROORROROOORORRORROOROORORORROOROROORROROOORORRORROOROOORROROROORROROOROORROOROORROORORROOROOROORRROO",1,0,64,54,3,2.59381826500225,0.0699205898780101,6,9,12,14,16,18,32
"212","OORORRROROROOROORRROOORROROROORROOORORRORRROOOROROORRORORORRROORORROOROOORORRORROOORORORRORORRORRORO",1,1,65,50,3,2.71374054675498,0.0666666666666667,6,9,12,15,18,21,39
"213","ROOORRORROOROOROROORRROROOORROOORORROROOROORROORRRRRRROOOROORROROOOOROROORRROORROOORROORROORROORROOO",1,0,52,53,7,0.13719104395127,0.0823272602348564,11,14,17,20,23,26,19
"214","OOORORRORRROROOORRRRORROROORORRORRROORRORROOORROROOORRORRRORRRROOOROROOOORRORROOROORROOORROORRRRRORO",1,1,53,47,5,0.338942579173726,0.0674948557710553,9,13,17,20,23,26,24
"215","ROOORORROOOOOOROORROOOOOOOROORROOORROOORORRROOORORRRORORORROROROOROOOOOROORRROROOOOROOROOROOOROOORRR",1,0,51,61,7,0.405795162094186,0.119721899973786,13,18,22,25,28,31,26
"216","OORORRRORORROROOROORRORRORROOOROROORORRORROORRROOROOROORROROORRROOORROROROORRORROOORRORROORROROORORO",1,1,63,50,3,2.31170491019869,0.0666666666666667,6,9,12,15,18,20,32
"217","OORRROORORROOROORROOROROOOORRRRRROROORROOOORORRRORROORROORROOROORROORRORRORROORRROROROOORRORROOROROR",1,1,56,49,6,0.908967835831932,0.0567646212197547,10,14,17,20,23,26,24
"218","ORROOORROORROOROORORORROORROORROOORROOOROORRROORRORROOORRROROORORROORORROOROOROROORRROOORORRORORRORO",1,1,59,52,3,1.52618187100073,0.0788810637746615,6,9,12,15,18,21,26
"219","OORORRORORRROROORROOOORRORORRORROORORRORRORROOROOORORORROORORROROROORROORRROROORROOORROROORORRROOROR",1,1,64,49,4,2.51776046562296,0.0737864787372622,7,10,13,16,19,21,35
"220","OORRORRRORRORRORRROOOOORORROOORRRRRORRROOOOROROOROOORORROOORRORROORROROORORROROROROORORRROORROROROOO",1,1,57,50,5,1.10559800052981,0.156347191994114,10,14,17,20,23,26,30
"221","OROORRORORROROORORORORORROORRORORRROROORRRROOROROOROOORRRORRROROORROOOROOROROROOROORRORORROOROORORRO",1,1,67,50,4,3.11577618331128,0.0816496580927726,7,10,13,16,19,21,41
"222","OORORRROOROORORORROOROROORRORRORORROORROROORORROROORORROORORROOORROOROOROROORRORROROORROROOROOORORRO",1,1,67,52,3,3.13692790899622,0.0632455532033676,6,9,11,13,15,17,37
"223","ROOORORRORRORROORROORROROROOOROORROOORROROROORRRORROROOROROOROOORROROOROROORROROORROOROOROORRROROORO",1,0,64,53,3,2.55820946662074,0.0674948557710553,6,9,12,15,18,20,34
"224","OORORRRORRRORROOOROOORRORRRROOOORORRRORRRRORRROROOOORROROROORORORROOORORRROROORRRORRROROORORROOROROO",1,1,57,47,4,1.14594872006355,0.0948683298050514,8,12,16,19,22,25,32
"225","OOROROORRROORRROROORRORROOOOROROORORROROROORRORROOROORRRROOROROORORORRRORRRORORROROORROOORORRROROORO",1,1,63,49,4,2.31666138689908,0.0875595035770913,8,11,14,17,20,23,36
"226","RROROOOROOORROROOROORRRROROORORORORROOOROORROORORROORRROOROORROOORRROROORORORROORROOOROOORRRROOROROR",1,0,59,52,4,1.52618187100073,0.0918936583472681,8,11,14,17,20,23,30
"227","OORORRROROORROORORORRORROROORORROOROROROORORORORRORORROOROORROOORRORROORROORORORROORROROROORROROOROR",1,1,70,50,3,3.71882963814572,0,6,8,10,12,14,16,42
"228","ORROORORRORROOOROORROOOORORORRROOORORRROOORORROROOROORRROOROOORRORRRORRRROROOROROROOORROROOORRRROORO",1,1,57,51,4,1.11006691455581,0.0737864787372622,8,12,15,18,21,24,30
"229","ORROROROORRORROORORROOORROORRORROROORROOORROROROORROORORROOORORRORRORORRRORROOROROROORROROOROORROOOR",1,1,64,50,3,2.51272272847684,0.0816496580927726,6,9,12,15,17,19,33
"230","OOROORRROORROROOORROORRORROORORRORORRRORROOORORRROOOOROORORORRROOORORORROORORROROORROROOOORROROOORRO",1,1,59,52,4,1.52618187100073,0.122927259430572,8,11,14,17,20,23,30
"231","OOOOOOROOOORROORROORORRORRORRRROOROORROORROROOORRRORRROOROROROORORRORRORROROROOOORORORRRORROOOOROORO",1,1,57,53,6,1.14594872006355,0.176698110409314,10,14,18,22,25,28,30
"232","ORROORRORORORRORORORRROOOROORRROOROOOROOOORORRROORORRRRORORORORROOOOORORORRORRORROORORORROORORRRRORO",1,1,63,49,5,2.31666138689908,0.0994428926011753,9,13,17,20,23,26,40
"233","OROORORORRRROOROORROOOROOORRORRRROROOROOOOORRROOORROOROOORROORROROOOORRORROOROOROOROORRORORROOOORROR",1,1,54,55,5,0.609207699080171,0.052704627669473,9,13,17,21,24,27,24
"234","ORRROOROOOROOORROROORORORORRROORORRORORRROOOROORORRROROORROOOOROORORROORROORRROROOORROOORORORORORROO",1,1,61,53,4,1.95295486095337,0.105934990547138,7,10,13,16,19,22,34
"235","OORORRORRORRROOROROOROOROORORROORRROORRRORORROOORRRRROOORROOOOORRRROORORROOROOORRORORRROOOORROOORORO",1,1,53,51,5,0.305670599660296,0.0567646212197547,10,14,18,21,24,27,24
"236","OORORRRORRROOROOROORORORRROOROROROORROOROROROOROORROOROOORRRORRORROROOROROROORORORROROOROORORROROORO",1,1,69,52,3,3.53961441849509,0.0632455532033676,6,9,12,15,17,19,43
"237","OORORRROORROORRROOOROORRROORROROROORORRROOROOORROORRORORROOORRORROORRROOOOROOROORROROROOROORORROOORR",1,1,56,52,4,0.922152106752418,0.13984117975602,7,10,13,16,19,22,23
"238","OORORROOROOORROORORROOORROROOOROORROROORRRORROOOROOORROROOOROROOROROOOORROOORRROOORRORRROROROOROORRO",1,1,57,56,4,1.26878782236046,0.0966091783079296,7,10,13,16,19,22,27
"239","OORORROROORRORORROORORORRORRRRROOROROOROOOROROORRORRROOORORROORROORRRRRORORRROORORORRORORROORORORORR",1,1,64,46,5,2.59381826500225,0.107496769977314,10,13,16,19,22,24,38
"240","ORRRROORRORROROORRORRROOORROOOOOOROROROROROOROOROROORORROORRROROOORORRRRORORRROOORRRORORRRROOOOORROO",1,1,55,50,6,0.703562363973514,0.124721912892465,11,15,19,23,26,29,30
"241","ROORROROROOORRRROROOROROORROROOROOROORORRRORORROROORROORRRORRROORORROROORRORORROROOROORRORORROOROORO",1,0,66,49,4,2.91995862307072,0.0737864787372622,7,10,13,16,18,20,38
"242","RORRORRROORROOROROROOROROOORRRROOROROOROORROROOROOOORRORROROORRROORRORROROORROOROOORRORRROROORRORROR",1,0,61,49,4,1.91446322945132,0.0737864787372622,8,11,14,17,20,23,31
"243","OOORROOROROROROORRRRROORRROOOROOOOROOORRRRORORRROORORORROOOORORROOROROOROOROROROROROOOOOROROROORRRRO",1,1,59,54,5,1.58218867646783,0.117378779077727,10,14,18,22,26,29,37
"244","OROOROROORRORROROORRRROOOROOROOORORRROORRRRORORROOOORRORROOOROORORORRORROROOORORORORORROORROORRORORR",1,1,62,50,4,2.11068709192054,0.0816496580927726,8,12,15,18,21,24,35
"245","OOORORORORROORROROOORORORRRORRORROROORRORROOOOROOROORRROROROOROORROROORORROOOORRORROORRROORROROOOROR",1,1,62,52,4,2.13021163524904,0.0918936583472681,8,11,14,17,20,23,34
"246","ROROOOROROOORORROROOORORORRRROOOOOOORRORRRRRRROOORROORORRROOOROOROOORORORRROROOOORORORRORRROROORROOR",1,0,55,52,7,0.720808852002982,0.131656117720877,14,18,22,25,28,31,33
"247","RROROOORORROROORROOOORRROOROORROOROROROOOROOROORRROORROOROROROOROORROOOROOROORORORRRORROOOOROOOOORRO",1,0,58,57,5,1.53398623956335,0.0674948557710553,9,13,16,19,22,25,29
"248","ROORROOORRORROORORRRORROOOORORROROROROORRRRORROOROORROORROOOORRORORRORROROOROORRORORROOROORROROOOORR",1,0,59,50,4,1.5076336370861,0.0816496580927726,8,12,16,19,22,24,28
"249","ORROROOOORORORROROORRRROOOORROORROOORRRORROOROOROROROOOROROOROORRRORORORORROORROROORORROOOOOOORRORRO",1,1,59,54,7,1.58218867646783,0.0843274042711568,11,15,19,22,25,28,33
"250","ORRORRRROOOORORORRRROOOROORRORRROORROOORRRROOROOOROOROORORORRRROOROOORRRRORORRROORORRROORROROORRRROR",1,1,52,46,4,0.165907252519645,0.0966091783079296,8,12,16,20,24,28,25
"251","ORROOOROROOORORRRRRRRROOOROROOOORRRORORRRROORRORORORROOORORRRRORRROOROOOROOROOORORRORRRRROROOROOORRR",1,1,52,47,8,0.13719104395127,0.133749350984926,13,17,21,25,28,31,29
"252","ROROORRRORORRROROOROORROROOOORROROROORRORRROROOROORROORRROROROROOROOORRORRORROOOROROROORORROROOORROR",1,0,65,50,4,2.71374054675498,0.0666666666666667,7,10,13,16,19,22,39
"253","ORORRRROORRRRORRROOOOOORROROOORROROROROOOOROROOORORROORROROOOORORRROROORROOORRRRROOOOROROORRROORRROR",1,1,52,51,6,0.104571520936417,0.144913767461894,11,15,19,23,27,31,28
"254","RRRROOROORORRORRRORROOROOOOROROORRRROROOOROROROORRROOORROOOOROOORRORROROROOOORORORRRORORORRORRROORRR",1,0,57,49,4,1.11006691455581,0.144913767461894,8,12,16,20,23,26,32
"255","OORRRORRRRRORORROOOROOORORRORORROOORORRORORROORRORORRROROOROROOOROORROOOORRRORORROOORRORRORRRORORORR",1,1,60,47,5,1.75120332573092,0.105934990547138,9,12,15,18,21,24,34
"256","ORROORRRROOROROORRORRRROORORORRROOOROROOORRRRORORRROORRORROORRRORROOORROROORROOORRORORROORORRORRRROO",1,1,55,45,4,0.812276932106895,0.097182531580755,8,12,16,19,22,25,25
"257","ORROORROROROORROOORRRRROOROOROOOROOROROOOORRRRROOROROORRORRRORRORORROORORROORORROOROORROROORORROORRO",1,1,59,50,5,1.5076336370861,0.0942809041582063,10,14,17,20,23,25,29
"258","OORORRORROOROOOROROORRORORORORORROROROOROROOROORRROROOROROROOROORORROROORORORORORROROOROORRORORROROO",1,1,75,53,3,4.77747635406776,0.0823272602348565,6,8,10,12,14,16,52
"259","ROORORRROORORROOOOROORRRORORRORROORRORRORRROOROOOROOOROORORORROROROROROORRROOOROOROOORORORORRRROROOR",1,0,63,51,4,2.31666138689908,0.110050493461461,8,11,14,17,20,23,38
"260","ORROROOORORROORORORRROOROORROOORRROOORORROOROORROOORORRORORRRRRORROOOROORORORORORROROOORROOOROROOROR",1,1,62,52,5,2.13021163524904,0.0918936583472681,8,11,14,17,20,23,36
"261","OOOROORRRORORRRROORRRRORROOOOROOOORRRORORORRROROOORROROORRROOORROOROOORRRRROORROOOROORRROORRROORORRO",1,1,49,49,5,-0.29762663651134,0.13703203194063,9,13,17,21,24,27,20
"262","ORROROOORROORRORORROROOORRROORRROOROORROOOROROROORRROROROOROORROOROROOROROROORROOORRORROORRROOROROOR",1,1,62,52,3,2.13021163524904,0.0421637021355784,6,9,12,15,18,21,32
"263","ORROORROROOORRROROORRRROROORRRORROORRORORRRROOROORORORROORRROOOROORRORROROOROORORROORORORROORROORRRO",1,1,59,47,4,1.54945179050846,0.0948683298050514,8,11,14,17,20,23,28
"264","ORROROOORRORROOROOOROORRRORORORROOROORRROORRRROOROROOOORROORORRROOORORORROOROORROOORRORRROROOROROROO",1,1,59,52,4,1.52618187100073,0.0632455532033676,8,11,14,17,20,23,30
"265","OROROROORROROORORROOOOOROOOROORORORRRRRORRROROORRRRROROORRORRORROROOOOOORROORORRORORRRRRORORRRORRRRO",0,1,57,46,6,1.17753684105406,0.171269767715535,11,16,21,26,30,33,35
"266","OORROOOROROOORORRRROOOOROROORROOROROORROORRORRRRORRRRRRRROORORORROORROOOORROORRORRRROORORRROOROOOORR",0,1,50,48,8,-0.0845641669947636,0.154919333848297,12,16,20,24,28,32,21
"267","OROROOROORROOROOORRRORROOOOROROROROROOORRRRROROOROOOOORORROOORROROOORRRROOORORROORORRROROROOOROOOROO",0,1,57,56,5,1.26878782236046,0.126491106406735,10,14,18,21,24,27,33
"268","OOROOOROROOROORROORORROOOOOOROOORORRROORORRROROOROROORRORROORROOOOORRRROOOOROOROOROORROORRRROOOORROO",0,1,51,58,6,0.160956434376938,0.0918936583472681,11,15,19,23,27,30,21
"269","RORRRORORORORROORORROROORRRROOROROOOOOOROROROOOROOOROOOOOROROROROROOOORROOORORRRROOROROROROROOOORROO",0,0,62,57,6,2.35429973665605,0.141813649241218,11,15,19,23,27,30,43
"270","RORORRRRORORRROOROORROOOOORORROROROOROORORORROOOROOOROOROORROOORRROORRRROOOOROORORRRRROOOOORORROOOOO",0,0,52,55,5,0.203069233026724,0.108012344973464,10,15,20,24,28,32,27
"271","OOROOOROROOROROROOORRRORORRRRORRROOORRRRORRROOOOROROROOOOORRROOOORRRROOORORRRROOROORRRRORRROROOOOROO",0,1,49,51,5,-0.29762663651134,0.159513148186739,9,13,17,21,25,29,26
"272","ORORRRRROOORROORRRRRRORRRRRORRRROOOROOROOOOORORRROROORRORROROROORROOOOOOORORORRRRRROOOOOOORRRRROROOO",0,1,43,48,7,-1.49396695024082,0.168654808542314,14,20,26,31,36,41,22
"273","RRRROROOROOORRORROOOOOOOOROROROORROOOOOOORORRORRORORROORORORROROORRRRORRRROROROOOOORRRRRRRRROROORROR",0,0,51,49,9,0,0.159513148186739,17,24,29,33,37,41,30
"274","RORRORROROORROORRRRORRRRORORRRROOROOOORRRRROOOORORRORORRROROROOOOORROOOOORROROROROORROORROROROORRRRR",0,0,53,46,5,0.368233170226529,0.150554530541816,10,15,20,24,28,32,29
"275","OROROROORROOOOROORROOOOROROOOORRORRRRROORRRORROORRRORRRRRRORORRORRRRORROOOOORRRRRORRRROOORORORRRRORR",0,1,48,43,6,-0.311719128895226,0.194650684275419,11,16,21,25,29,33,24
"276","ORRRROOOROORRRRRORORROOROROOORROORROOOOOROOOROOORRRRORRRRORROOOOOOORROOROOORROORROOORRORRROOORROOORR",0,1,44,53,7,-1.27506970260592,0.182878222991269,12,17,21,25,29,32,14
"277","RRRROROOROROORROORRROROORROOOOOROOORRROOORROORROROOOOROOROOOOORROOOROOROORRRORORORRRRRORRROOORRRROOR",0,0,49,52,5,-0.2859074217442,0.181352940116473,10,15,19,23,27,30,21
"278","OORRRRRROOORROROORROOORROORRORRRRRORORROORRORRRRRRORRORROROROOORROOOORROOOOOOORRORROOROROORROROOOORR",0,1,48,48,7,-0.487250676493636,0.161932770686548,13,19,24,28,32,35,19
"279","OOOOOOROOORRROOOROROOOORROROOOOOOOOORRRRRROOOORRORRRRRROOOORROOOORORROORROOORRRRRRORRRRRORRORRRROORO",0,1,37,52,9,-2.70202647873744,0.193218356615859,15,21,27,33,38,42,14
"280","OOROORRORORRROOOROOORROOOORRRRROOROROORORROOOROOOROORORORRRORORRROORRROOOROORRORRRRRRRORORRROROORRRO",0,1,53,48,7,0.318122342504109,0.147572957474524,12,16,19,22,25,28,27
"281","RORRRROORORORROOOORROORRRORORRROORRORORRROOORRORRORROORROROORRRROOOOOORRORROROOROROORRRROROOROORRROR",0,0,55,46,6,0.772885005640296,0.0699205898780101,10,14,18,22,25,28,27
"282","OOORROORRRROOROOROROOOOOORRRROORRROOORRRRORROOROORRRORRROORORRRROOORROOOOOORRRRROORORROORORRRRRRROOO",0,1,41,48,7,-1.89665345973969,0.103279555898864,13,19,24,28,32,36,13
"283","ROROOOORORROROOOOOOORORRORRRRORRROOROOROROORRROOOROORRRRRORORROOOROOOOOOOOOOROOORRRROORORRROOROOROOO",0,0,48,57,10,-0.311719128895226,0.205750658160146,17,22,26,30,34,37,25
"284","OOOOROORROROOROOROOOORORORRRRRROROROORRRORROOOORORRORORRRORRROROOROROOOROOOOROORORROORRROOOOOROORROR",0,1,56,54,6,0.97521092334718,0.157762127549323,11,15,19,23,27,30,32
"285","OORRROOROOOOOORORRRRORROOOROROROOROORRORORROOOORRRROOROOOROOOROOOOROROROOROORRORRRORROORRRROOORRRROO",0,1,51,54,6,0,0.117378779077727,10,14,18,22,26,30,24
"286","ORROORORORORROOOOROORROOOORROORORRRROROOORRRRROOORORORRROROORORROOOOOOOOORROOOOROOORRRORRROORROORORR",0,1,50,54,9,-0.036418665187239,0.126491106406735,14,18,22,26,30,33,24
"287","ORROROOOOOROOOOOOOOROROORROOORORRROOROOOORRRROOROORORRRRRROOROORORORRRRRORORROOORRORROOOROOORORROOOR",0,1,50,55,8,0,0.143372087784044,14,19,24,28,32,35,26
"288","OORRROOROORORROOORORRROROORROORORRORORRROORRORORORROOOROOROOOOORRORRRROORROROOORRRRRROROORRROOORRORR",0,1,54,48,6,0.519465597253545,0.131656117720877,11,15,18,21,24,27,25
"289","RORROROOOROOROROORRRRROOROORORRROROOOOOOORROOORROOOOOOOOORORRROOORRRROOROORORRRRORRRORRORRRRRORRROOR",0,0,47,50,9,-0.703562363973514,0.163299316185545,16,21,26,30,34,37,23
"290","RROORRRORRROOOORRRORORROOOROORRRRORRORRRROOORORRROORRRRROOOORRRRRORRRROOORRRROROOOOOORRRROROOORRROOR",0,0,41,43,6,-1.74726774880745,0.170293863659264,11,16,20,24,28,32,15
"291","ORRROOOOORRROOOOORRRRRRRROORORROOOOOROOOROOORORRRRRROORRROORRROOORROOORRRRROROORORRORRORROOORROOOORR",0,1,40,49,8,-2.10751834502625,0.159513148186739,14,19,24,29,34,38,13
"292","ORORORRRRORRRROOORRRROOROOROOOOROROROOORROORORRORRORROROOROROOROOORROOOOOORORRRRRORROOOOROOOORROROOR",0,1,54,53,6,0.540694114396182,0.133749350984926,11,15,19,23,27,31,30
"293","RRROROORROROROOROORRRORROOORRRRROORROROOORRORORROORRRRROROROOOROROOROROOORORROORRROORRROORROOOOOOORO",0,0,54,50,7,0.502544545695367,0.141421356237309,12,17,20,23,26,29,27
"294","ROROOOOROROORRRORRROOROROOROOORORRRRRRRORRROOROORRORRORROOOORRRRORROOOROOORRRORRROROOOROROORROOROROR",0,0,55,48,7,0.720808852002982,0.147572957474524,11,15,19,22,25,28,30
"295","RORORORORROOOOOROOORORROROROORROOORORRORORORRROOROROROOOOOOORRRRORRRORROOROOOORORROOOOOOOROROOOOOROO",0,0,56,59,7,1.271857804349,0.202484567313166,14,19,24,28,32,35,36
"296","ORORROOROOROORROOORROOORRROOOROORRORROROROOROORORROROORRROOOOROOOOROOROOROOOORORROORRROOROOROOOROROR",0,1,58,58,4,1.60543725570843,0.0788810637746615,8,12,15,18,21,24,29
"297","ROORROROROOOORORRRRRRRRROORRROORORROOOOORRROOORORRRRORROORORROORORORRRORRORORORRORRRORORORRORRRROORR",0,0,55,42,9,0.986374046566361,0.113529242439509,14,18,22,26,29,32,31
"298","ROOOROOOROOORROOORRROOOROROORRORRRRORORORRROROORROROOROROOOORORORRRORRORORRRRRRRROOROROOROORRRROROOO",0,0,56,49,8,0.908967835831932,0.166332999331662,12,16,20,23,26,29,33
"299","ROORRRRRROOOORROROROORROROROOOOORRRRRRRROORROOOORORORRRRORROOOOOORRRRRRROOORROOROOOOOOOOROOORROOOORR",0,0,39,52,8,-2.29933996923856,0.20976176963403,16,23,29,35,40,44,16
"300","OROORORRRROORRORROROOORROORRROOORRROORORRROOOOOOOROORROROROOOROORRORROROROOOOOOOOOROOOORRRRRRROOORRR",0,1,46,54,9,-0.845722336014774,0.142984070596848,16,23,27,31,34,37,21
"301","OROOROORROROOORRROORRROORROORORROROORRRRRORRRORRRORRORROOOORROOROOORRRORORRRRORROORROORROROROORRROOO",0,1,53,46,5,0.368233170226529,0.117378779077727,9,13,16,19,22,25,22
"302","OROORRORRRROOOOROROROORRORORRRROOOOOOOORRORRRRRRORORRRRORORRRRROROOROORRRORROORORRROORRRRROOORORRORR",0,1,50,43,8,0,0.182878222991269,14,19,24,28,32,36,27
"303","ORRRROOOOROOORRROORRRRRROOORROORRORORROROOOOROORROORORROROORRRRRRRRRRROOROOORROOORRROOOOROORORRORROO",0,1,45,48,11,-1.09128044074195,0.198885785202351,17,21,25,29,33,36,17
"304","OOORORORRRRRROOOOOOOORRRRORORROOOOROROORORORRRORRRORRRORRRORORRRRRRRRORROOOORRRRRROROOROOOOROOOOROOR",0,1,46,47,8,-0.87156663216101,0.194650684275419,16,22,28,32,36,40,27
"305","OORRORROOORORRRRORORRROORRRRRROORRRRRRRROROOORORRROROORORRRRROOOORRROROOROOROORORRROOOOROROROOOOOOOR",0,1,48,47,8,-0.468063561716098,0.200277585143997,15,21,26,30,34,38,26
"306","ORRRROOOORORROOOOOOROOOORRROROOOOOORORRORRRRROOROROOROOOOOOORROROOROROOOOROROOORRORORRORRRROOROOOOOO",0,1,47,60,7,-0.314223968098647,0.2,13,19,25,30,34,38,26
"307","OOOOROOOROOROORROOOOORRROORROROOOOOOOOOOOROROOROOORORRRROOOROROOOOOORRROOOROROOORROOROOOOOROOROROORO",0,1,47,67,11,0.291323699606064,0.176698110409314,17,22,27,31,35,38,24
"308","ROOROOROROOROOOORRORRORRRROOOORORRROROROORRROOORRROROOROOOOOROROOORORRRRRROROROOORRORORROOOROOOORRRR",0,0,53,52,6,0.318122342504109,0.122927259430572,11,15,19,23,27,31,30
"309","OOOOROORRORORORROOORRROOROOROORRORRORROOOORRRRRORROROROOORORORRRORRORORRRRORRORRRRRRRORORRRRRRROOORR",0,1,52,42,7,0.367310837424293,0.175119007154183,14,19,23,27,31,34,28
"310","OOOORRORROROORRORRROOOOROROORROOORROOOOOORRROORROROOORORRROORRRRROOROROOROOROORROORROORROROROORORRRR",0,1,52,52,6,0.116779087754673,0.147572957474524,11,15,19,23,26,29,22
"311","ROROROROOORRORRRRRORROROOOROOOROORORORRROOOORORRROOOORROROOROOOROORRROOORRRRORRRROOOORROOOORRROOORRO",0,0,50,52,5,-0.0845641669947636,0.168654808542314,9,13,17,21,25,29,25
"312","ROOORRRRORROORROORRRRRROORROOOOORROROOORORRRRRRORORRROORORRROORORRORORORROORRRRROOOOOORROROORRRORROR",0,0,49,44,6,-0.159108440746167,0.134989711542111,12,18,23,28,32,35,23
"313","ORRORORRROOOOOORRRORRRROOORRRRRROOOOOOROORORRROROOORROORRRRROOORORRORRORRROOOOOOORRORORRRORRRROOOORO",0,1,43,49,7,-1.50422110885461,0.144913767461894,13,19,25,30,34,38,20
"314","RRROOORRROOROROOROOOOOOORROOROOROROROOROROROROOOOOOROOORROROOOROORRROOROROROOOOORRROOORORORROROROORO",0,0,58,60,7,1.78060248589233,0.105409255338946,13,18,21,24,27,30,36
"315","RORROROROORRRORROOOORORRORRORROORRRORRRRROOOOROOOOROROOOOOOROOOOORORRRROOORRRRROOROOOROOOOORRRROOORR",0,0,45,53,6,-1.07331816738347,0.188856206322871,11,16,21,26,30,34,21
"316","ROORORRRRRORRORRRRRRRORORRRRRRROOOOOORORRRORRRORROOROORRORRORRROOROORROORORRRRRRRROORROOOOORROOORRRO",0,0,44,40,8,-0.942671904295941,0.16996731711976,15,22,28,33,38,41,19
"317","ROOROORROORORRORROOOORORORRROOOROOOROOORRROOOOROOOOROOROOROOORORROORORRRROOOORRROOROOOOOROOORRRROROR",0,0,51,58,5,0.160956434376938,0.13984117975602,9,13,17,21,25,29,25
"318","OOROOROORRRORORRRRORORRRRROOOORRORROROOOOORRRRORRRROROOOROROORORORORORRRRORORRRRORORORRORORRROORRORO",0,1,59,44,5,1.67675818324807,0.134989711542111,10,14,18,22,26,30,39
"319","ROORORORRORRROOOOORROROOOOROORROOOORRRORROORRRORRRORRRRRORROROORORORRRRRRORROOOOOOORRORORROORORORRRO",0,0,52,47,7,0.13719104395127,0.115950180872841,13,18,23,27,31,34,28
"320","ROROOOORRRRRORRORROOROROORRRRORROOORROOROOORROORRORRORORROROOROOOROORRORRRROORRRORRROOOOROOOOORRRORR",0,0,51,48,5,0,0.103279555898864,10,14,18,22,26,29,22
"321","OROROROORRROORROOORORROORRORRRORRRRORORRRORROOOOOOOROOOOORRORROOROOORORRORRRROROOORRRROOOOOROOOORROO",0,1,49,53,7,-0.266312026493642,0.170293863659264,12,17,21,25,29,33,23
"322","OORORORROOORRORRROROOROOOOORRRROOORORRRRROOOROOOOORRROOROOOOORROOROOOOORORRRORRRROOORROOOORRROORRROO",0,1,43,55,5,-1.42148463118707,0.164991582276861,10,15,20,25,29,33,16
"323","RRRROROROOORORROORORRRORRORROORRROROOROORORRRRRRRORRRRRORRORORRRRROOROOROOOOOOOROOORORRORORRROOOROOR",0,0,53,45,7,0.406138466053448,0.177951304200522,14,19,24,28,31,34,30
"324","OOROOORROORORORRRRROORORRRRORRRRRROORRROOROORRROROOOOOOROROOROORROOORROOROOORROOOORRRORRROROOORORROO",0,1,49,51,6,-0.29762663651134,0.185292561462497,12,17,21,25,28,31,21
"325","OROROORORRRROOOOOOROOOORORROROOROORRRROOOORORORORORRORORORRORORROROOOROROOOOROROOOROROROOOORRRRRRRRO",0,1,59,54,8,1.58218867646783,0.157762127549323,14,18,22,26,30,34,42
"326","OORORRRRRRORRRRORRROORRORRROORROORROORRORROOROOOOOOROROOOOORROOOROORROOOOOOOOROOOORRRROOROORORRRRROR",0,1,44,52,8,-1.29262369549138,0.204396129556745,14,20,25,30,34,38,17
"327","ORRRRORRRRROOOORRORORRRRORORROROOORROROOOOROROOORRORROROOORROROROORRRROORRRORORORROOORORRROORRRROOOR",0,1,54,46,5,0.570559087933412,0.134989711542111,9,13,17,21,25,29,30
"328","ROROROORRROOORRRRRRRRRRRORROOOROOORORORORORRRORORROOOORORROOOORRORRRROROORRORROOOOOORORRROORRROOOROR",0,0,51,47,11,0,0.133749350984926,17,21,25,29,32,35,29
"329","RRORORRRORRORORROOOROROROOOROROOOROROROOOROROOOROORORROORORRROOOOORROOOOOORRRROOROROROOROOORROOOORRR",0,0,57,56,6,1.26878782236046,0.134989711542111,11,15,19,22,25,28,34
"330","OORROOROROORRRROROROROOOOORRRRORRRROORORRORROOOROOOOORRRRRORROOOOORORRRORRRRORORRRORROOORRROROOOORRR",0,1,48,47,5,-0.468063561716098,0.105934990547138,10,15,20,24,28,32,24
"331","ORROROORROROOOOORRRRROROROROROOOROROROOORORRROORRRRROROORRORROOROORROORORRRRORROOOORRROOORRROOOOROOO",0,1,53,51,5,0.305670599660296,0.144913767461894,10,15,19,23,27,30,28
"332","RROROORRROOROOROORROROROOROROORROOROOROOORORROOOOORORRRRRRORRORORRRORRRORRORROORORORRRROORRRORROOROR",0,0,59,46,6,1.58218867646783,0.157762127549323,11,15,18,21,24,27,32
"333","ORROOORORRRROOOOOROOORORRORORORRRRROOOOOROOORROOORROOROOROOORROOOORORRRORRRORRRORRRROORRRROROORRRROR",0,1,48,49,5,-0.498725715235218,0.159513148186739,10,15,19,23,27,31,23
"334","ROOORROORRROROORORORORROOORORROROOROROOOOOOROOORRROORRRRORROOOOROOORRROROOOOOOORRORRRRROROOROOOOOROR",0,0,51,56,7,0.0448767396976366,0.150554530541816,13,18,23,27,31,34,28
"335","RORROROORRROOORORRORRORORRRROOROORRRROORROOOORRRRRRORORRRORRROROOORRRORORROOOORORRRRRRORRROROORROROR",0,0,53,41,6,0.648398096334786,0.13703203194063,12,16,20,24,28,31,29
"336","RORROOROOORROOOOROORRORORRRRROROORROOROROROOROROOROOOORROOORRORROORROORORRRRRROROOORORRROROROORRROOO",0,0,56,51,6,0.908967835831932,0.152388392675499,11,15,19,22,25,28,29
"337","ROOROOORRROOROOORRRRRRRORRORROOROROORORORRRRORRRROROOROOOROOORORRORORORRORROROROOOOOORROOOORRROOROOR",0,0,55,50,7,0.703562363973514,0.176383420737639,13,17,21,25,28,31,31
"338","OORRORORROOROOOOORORRRRORRRRRRRRRROOOOROOOOOOOORROOOROROORORORROOOOOORRORRRORRRRRRRROROOORROORRROROO",0,1,43,50,10,-1.5076336370861,0.221108319357027,18,26,32,37,41,45,21
"339","OORRRROOROOORROROOROOOOORROORRORORRROOROROORRORROORRRRRORRRRRORROORRRRRRORROOOOORORORORRRROOOORORROR",0,1,50,46,6,-0.036418665187239,0.171269767715535,11,16,21,26,30,34,24
"340","RROORROOOORRRRRROOOOORRRORRRORROOROROOOOORROROOOORORRRRRORORROORORRORRROOOROOOOORRRRRRROOORROORRORRO",0,0,44,48,7,-1.29262369549138,0.181352940116473,13,18,23,28,33,37,18
"341","ORROORORORROOOOROOORROOOORORROOOORORRORORORROORRROOOORRORROORRRRORROOOORRRRRORORORRROORORROOOOROOOOR",0,1,52,53,5,0.13719104395127,0.156702123647242,9,13,17,21,25,29,26
"342","ROOOORORROROOOOOORRRORRRRRRRORRRROROOROOORROOOOOOROOORRROORROROROORROORRRROOOOOORORORRRORRROOROORORR",0,0,47,51,7,-0.699824793959097,0.152388392675499,13,19,25,29,33,37,23
"343","RORROORRROROROOOROORRORORRRROORRROORROORRRORRRRORRRRRRRROOOORRRRRRRRRRRRROROROOROOOOOORRORRROORROORO",0,0,44,40,13,-0.942671904295941,0.19436506316151,21,27,31,35,39,42,20
"344","RRRRROORORROROOOROORRRROOOROOOORROROROROOORORRORORROORRORROROROOORORRRRRROOORRROOORORRRORORORRRRRRRO",0,0,54,45,7,0.609207699080171,0.126929551764398,13,18,22,26,29,32,32
"345","ORROOORORRROORRROROOOROOOOROORROOOOOROROROOORROROOROROOOROOOOOORROOROORORORROOORORRORROROORRROOOOORR",0,1,54,59,6,0.856217999006192,0.0994428926011753,11,16,20,23,26,29,28
"346","OROORROORRROROOROORORRORROOOOROROOORORRORRROORRORROROOROROOOOROROOROOOORORROOORRRORROROROORRRROOOORR",0,1,58,53,4,1.34770025528601,0.125166555703457,8,12,16,20,23,26,31
"347","RRRROROOOOOOROOOORROOROOROORROORRORRORORRROOROORRRROORRRORORORRROORORRRROOROORROORRRRRROORROORRRRORO",0,0,50,46,6,-0.036418665187239,0.117378779077727,12,16,20,24,28,32,21
"348","OORORRORRORRROOROORRRORRROOORRRROORORRORRORORRRORORRRROOROROOOORORRRRROOROORRRROROOROROOOORROOOROROO",0,1,55,47,5,0.742445649618638,0.105934990547138,9,13,17,21,25,28,29
"349","OROORRROORRORRROOORRRROORROORROROROOOOROOOOROROORRORRROOOOORRRRRORORROOORROORORORORRROOOROOROORROORO",0,1,53,52,5,0.318122342504109,0.122927259430572,10,14,18,22,25,28,25
"350","OROROROOOOOOOOOOOORRROROROORRRORROORRRROORRROOROOROOROOOORORRORRROOOOORRRRRROORROOOOOOROROORROROOOOO",0,1,45,58,12,-0.870815580859841,0.198885785202351,18,24,29,34,38,42,22
"351","ORORORRROOOORRORORORRROOOORROORROROOOORORRORROORORRRROORORROOOROOORRRRORROROORROROOOOORORRORROOROOOR",0,1,56,52,5,0.922152106752418,0.0788810637746615,9,13,17,21,25,28,30
"352","OOROOOOORRROORORROORROORRROOOORRRRORROROOORRRROROOOOOORRRRRRORRRORROORORRRRRRRRRRRRRORRRRORORRORRRRO",0,1,41,40,13,-1.57111984049324,0.182574185835055,19,25,30,34,38,42,18
"353","RRRRRRROORRRRRRRORRORORRROOORRROORORRRROOROROOOROROORORROROORRRROOOOOORROOOORROROROOROOORORORROOROOO",0,0,50,48,7,-0.0845641669947636,0.175119007154183,14,20,24,28,32,35,26
"354","RORROOOOORROROORRRROROOORRORRORRROOORRRRRRRRORORORROROOOORRORRROOORROROORRRROOOOORRRORRRORROOORRRRRR",0,0,45,43,8,-0.926954251714751,0.133749350984926,14,19,24,28,32,36,20
"355","ROOORRROORROORORORRRRORROOROROOOORROOOOOORROORORROOOROOROOOOOOOROOOOOOORRORRRROORRORORORRROOORRROORO",0,0,48,57,7,-0.311719128895226,0.200277585143997,14,20,24,28,32,35,22
"356","ORORRRROORROOOOROOOORROROORRRROOROORRORRRORRROORORROOROROROROROOOROOOROOOORRRRORRORRRORRRROOROOROROR",0,1,56,49,4,0.908967835831932,0.179195734076208,8,12,16,20,24,28,31
"357","OROROOORORROROOROOORRORRRROOROOOOOOORRRROORROOROORRROOROORRROORROORORRRRROROROOROROROROOORRORRROROOO",0,1,55,52,7,0.720808852002982,0.0918936583472681,12,16,20,23,26,29,29
"358","OROROORROROOOROOOORRORROOORROROOORRROORRRORRROORRROOROOOOOORRRROROORRRRORRRRORRORRROROORRRORROORRRRR",0,1,48,45,6,-0.406138466053448,0.184089350286454,11,15,19,23,27,30,20
"359","ROORORROOROORRROORRROORORROOOROOORROOROOOOORRRRORRORRRRROOROORROOOOROOOORORRORROORROORORORORROORORRO",0,0,54,52,5,0.519465597253545,0.113529242439509,10,14,18,22,25,28,24
"360","RORROOORRRRORROOORRRRORRORRORRROORROORORROROOORRORRRORRRORRROOOROROROOROOOOROOOOROOOROOOOOROROOOOORR",0,0,51,52,5,0,0.204396129556745,10,14,18,22,26,29,25
"361","OROOROROORORRORROORORROOROORRORRORRORORORORORROROORRRRRROOOOORROORRROROOOOOORRORRRRRROROOOOOOORROORR",0,1,54,50,7,0.502544545695367,0.105409255338946,13,19,25,30,33,35,29
"362","OOROROOOORROOROORRRORRORORROOROOORRROORRROOOOOOOOOROOOOORRRRORORRRRRROORROORRRRROROROROOROOOROROORRR",0,1,48,52,9,-0.487250676493636,0.181352940116473,15,20,25,29,33,36,23
"363","ROOOOOOOORROOOOROORRROOORRROOROORRROROOORRRRROOROOOROROOROOORORROOORRROOOORRRRRROROOORROOROOOOROROOR",0,0,45,57,8,-0.926954251714751,0.141813649241218,14,19,23,27,31,34,19
"364","OOOOOOROORRORRROOORRROOORORORRROROOOORORRRRORROOOOOOOOOOOROOORRRRORROROOORORROORRORRORROOOOOOORORRRO",0,1,45,57,11,-0.926954251714751,0.176698110409314,18,24,28,32,36,39,22
"365","RROOOROOOORRROOORRRROROOOROORROORROROOORRRRORORRORROORROOROORRRRORORRROROROORRRRRORRRROOOOROOORROORO",0,0,50,48,5,-0.0845641669947636,0.168654808542314,9,13,17,21,25,29,22
"366","RRRORRRORORRRRORROOOOOROOOORROROOOORRROORORORRRRORORRROOROOOORORORROOOROROOORRRROOOROOOORORRRROOORRO",0,0,50,51,5,-0.0965275577874611,0.172884033065199,9,13,17,21,25,29,27
"367","OORRRORRRORROOOROROORORROOOOOOOOOOOOOOOROOOOORRRRRRROROOROROROOOOORORRROROOOORORROOROOOROROROORRORRO",0,1,49,59,15,0,0.13703203194063,22,27,32,36,39,42,29
"368","OROROOOORRRRORROOOORROOOROROOORROORROROOOOOOOOROOOOROOOOROORORROOORORRRRRRORROROOROOOOOORRRRORORRROR",0,1,48,57,8,-0.311719128895226,0.188856206322871,14,20,24,28,32,36,26
"369","RRORRRRRROOOROORRRROROROROORRRRRROROROROOOOROROOOROROORRRRORROOOOROOORRRRRORROOROROOOOOOORRRRRROORRR",0,0,47,46,7,-0.643396418307891,0.211869981094276,13,19,25,30,34,38,26
"370","OOROOOORORROOORRRROOROOOORRORORRORORRRROOORRROROOORORROOOROOOROROORRORRRORRROORROOOORRRORRRRORORRRRO",0,1,51,49,4,0,0.144913767461894,8,12,16,20,24,28,25
"371","OROOOOROORRORROROOOROOOORRORRRRRRRRORRRRRRRRORORROOROOORORRRORORROOOOOORRROOROROOORRRORROOORROOORRRR",0,1,46,47,8,-0.87156663216101,0.176698110409314,16,22,26,30,34,37,22
"372","RRRROOORRRRORORROOROOROOOROORRRRRROOROROROORRRRROOROOOOORROOORORRRRORRRORRORROORRRRROORRRRROOROOOROO",0,0,46,45,6,-0.812276932106895,0.171593835683117,11,16,21,26,30,34,19
"373","OORROOOORORRRRRORRROOOOOOOOROOORROORRRRRRRRRRORRRRROORORROOOROROOOROORORROOOOOOROOOOOROROOORROROROOR",0,1,44,54,10,-1.25037417142854,0.263312235441753,18,24,29,34,39,43,22
"374","ROORORORROORRRRROORRROOORROOOORRROOOOORRRORRROORORRRORORRROOOROROROOORORORORRRRRROOOROROORORORROOORO",0,0,54,49,6,0.506769678384175,0.13703203194063,11,16,20,23,26,29,31
"375","RRRRROORRRRRORRRROOOORRROROOROOROROORRORRORROROOORRROORRRROORROOOOORRROOOORROOROROROORROORORORRROROR",0,0,51,46,5,0,0.126491106406735,10,15,19,23,27,31,24
"376","RROOOORROORRRORRRROROORROORORROOROOROOROOOORORRRRRRORROOORROOOOORROROROORROORRRRRORRRORRRORRRRORRROO",0,0,48,45,6,-0.406138466053448,0.158113883008419,11,16,20,24,28,32,19
"377","RORRORRRRORRROORRROOOOOOROOORRRROORRORORORROOROOOORROOROORRORRRORROOROOROOROROROROOROOROOOOOOORRRRRO",0,0,52,52,7,0.116779087754673,0.147572957474524,13,18,22,26,30,33,26
"378","OOROOOOOOOROROROROORORROOOOOORRORORORORROOORRRRRORRROROROOROOOROORROOOROROOOROOOOOOOROOROORROORRRORR",0,1,54,59,7,0.856217999006192,0.196920739836559,14,20,25,28,31,34,31
"379","RRRRRORORRRROOOROOOORRROORROORRROORROROOORRROOOOOROROOOORRRORROOOROORROORRRRROORROOORROOOROOOORROORR",0,0,43,51,5,-1.50422110885461,0.144913767461894,10,15,19,23,27,31,12
"380","RRRORRRROOORRRROOOORRROORRRROOOORRORRRROROROOOROOOOROORORRRRRRRORRRORORROROORORROROOROOORRROROOOOOOO",0,0,46,48,7,-0.889937185992509,0.168654808542314,14,18,22,26,30,34,23
"381","OOOROOOROOORRROOROORRRRROOROOOROOROOOOROOOORROOROORORRORRORROROOOROROOORORRROROROROOORRORROORROOOOOR",0,1,54,58,5,0.780019643519005,0.161932770686548,10,14,18,21,24,27,27
"382","ORROOORORRRRORRRROOOORORROOROOROOROORORRROOROORORRRROOROOORRRRROORRRROOOROOORRROOORORROOORROOOOORRRO",0,1,47,51,5,-0.699824793959097,0.0994428926011753,10,14,18,22,26,30,19
"383","RORRRRROOOOOORORROROROOOORRROOORORRORROOOOROORRROOROOOORROROORRORROOOOOOORRORRRRRROORRRORORROROOORRR",0,0,47,51,7,-0.699824793959097,0.0994428926011753,13,19,24,28,32,36,22
"384","ROORRRRROOROORRRORRORORROROROORORRROORRORORRRORROOORRRORRRROOORORROROOORRRRORROORRRRROORORORRRORRRRO",0,0,54,40,5,0.942671904295941,0.0942809041582063,10,14,18,22,25,28,28
"385","RRRRRROOROORROOOOOOROORRORROROORRORORROORRROOORRORROOORRRROROROORRRORORROORORRRRRROROOOORRROORORORRR",0,0,51,45,6,0,0.117851130197758,12,18,22,26,29,32,24
"386","ORRROROORROOOOROOOROROORORORRRROORROORORORRORROOROOOOORRRRRORROROOOOORRRRROROOORROORORROROOOOORRRRRR",0,1,50,50,6,-0.100508909139073,0.124721912892465,11,16,21,26,31,35,26
"387","RROORORROORROROROOORRORORRRRRRORRORRROORRORORRRROROROOROORRORRROROROROOORRRORRRRROORRROROOOROOOORROO",0,0,56,44,6,1.06480264191666,0.150554530541816,11,15,19,22,25,28,30
"388","OOOOORROOORRRRROORROOOORROOORROOORORORRORROOOOROORORORORORRORORORRORROORROORROROOORROOORRROOORORROOO",0,1,53,55,5,0.406138466053448,0.143372087784044,10,14,18,21,24,27,24
"389","RRRROOOOORRROOOOOOOORRRROOORROORROORRORROORRRROOORRROORRRRRRRORROORRROORROROORRRRROOOOORRRRROROOOOOR",0,0,35,47,8,-3.09083351960803,0.156702123647242,15,20,25,30,35,40,7
"390","OROROOROORRRROOORORRRRRROORORRRROORORRRRROORROOOORROOOORRRRRORRRROROORORORROOROORRRORRRROORRROROORRO",0,1,49,43,6,-0.106640754622052,0.125166555703457,11,16,20,24,28,32,23
"391","OORRRORRRRORORRRRROROOOOROOROOROOROOORRRORRROORROOORORORRRRRORORRROOOROOROOOROROOOORRROROORRRROOOROO",0,1,51,50,5,0,0.169967317119759,10,14,18,22,26,29,26
"392","RRORRRROROOROROORRROOOOROROOOOROOOOROROOROOOROROOROORROOOOROOORRRORRRORRORRORROOORRROORROOOOOOOOOORR",0,0,49,57,10,-0.106640754622052,0.176698110409314,14,18,22,26,30,33,23
"393","RROOORRORRRROOOOOROOOOOOOORRRRRROOOORROOROORRRROOOOORORROORRORORRRORRRRRORRORRRRRORROOOORROOROOORORO",0,0,42,50,8,-1.70865145536425,0.163299316185545,14,19,24,29,34,38,17
"394","RROORRORRRRRRROROOORORRORROROORORROORRRRORORROROOOOROOROOORORRROORROOORORRRROOROOOROROOORORRORROOORR",0,0,55,48,7,0.720808852002982,0.147572957474524,11,15,19,22,25,28,28
"395","RRRRORRROOOOORRORORORRORORROROORROOOOORRROOOROOORORRROOROOOROOOOORRORORRRROROOROORORROORRRORROORORRR",0,0,53,50,5,0.30152672741722,0.14142135623731,10,15,19,23,26,29,27
"396","OORRORROROORRORROOOORRORORORRORRROROROOORRROOOROOOORRRRRROOROOOOOOOORRORRRORRORROORROROOROOROOROROOR",0,1,54,52,8,0.519465597253545,0.154919333848297,14,18,22,25,28,31,27
"397","RORRRORROORRRRORORRROOROORROOOORRRORROORROORORORORORRROOROORORROOORORORORRRROORRRROOROOOOOROORRRRORO",0,0,56,47,5,0.944197184841094,0.163639169448448,9,13,17,21,25,28,30
"398","RROORORRORRROOOORRRORORRRRORROROOOOROOOORRROOOORROOOORRROORRRROORORRRORRRORRRRROOROOOOORROOORROOOROR",0,0,45,49,5,-1.10202295140685,0.179195734076208,10,14,18,22,26,30,18
"399","OOROORRROOROROOORROOOROOROOROOORRRRORRROROOORRORRRORROROORRROORROOOOORORRROOROOOOORRROORORRRORROOORR",0,1,50,52,5,-0.0845641669947636,0.13984117975602,10,14,17,20,23,26,20
"400","OROROOORORRROOORRRORORORORRROROORORROROORROROOOOOOOOOROOOOORRORROOOROOORORORORRRROORROORRROOROROORRO",0,1,57,55,9,1.21841539816034,0.143372087784044,14,18,21,24,27,30,34
"401","ROROOOROROOROOORRRRRROOOROORRROOOROORORORORRRRRORRROROROORORORORRROROOROOORROROOORRROOOOOORRORRORROR",0,0,57,50,6,1.10559800052981,0.163299316185545,12,17,20,23,26,29,35
"402","OROOOROOROORORRRROORORRRRORORRROOOOORORROOOOORROOROOORRRRRROROORORROOORRRRRRORORROOOROOOROOOORORORRR",0,1,50,51,6,-0.0965275577874611,0.179195734076208,12,17,22,26,30,34,27
"403","OROROROOORRORRRROORRROROOOOORRORRRORORROORRRRORROROOROOORRRROORROORRROOROORROORRRRRRRORRRORROOROOORO",0,1,51,45,7,0,0.143372087784044,12,16,20,24,27,30,23
"404","ORRRRRRRRORRORRORRROORRRROORROOOROOOROOORORRORRORORRRRRROOOOOOOORORORORRRRRROOOORRROOORROORORORORRRR",0,1,46,44,8,-0.771063982077579,0.183787316694536,16,22,28,32,36,40,24
"405","RRROOOOORRRRROROOORORRRRORRRRROORROROOOOOROOOOROOOORRRROOORORORRROOOOROORRRORORROORORROOORRRROOOROOR",0,0,45,51,5,-1.10202295140685,0.185292561462497,10,15,20,24,28,32,21
"406","OOOORORROORRROOOOORORROROOOOOOROOORORRRRRRORRRRORRRRROROORORORRROOOOROROROROORRRROOORORRRORORRROORRO",0,1,51,49,6,0,0.159513148186739,12,17,22,26,30,34,30
"407","ROOORORROORRORRROROROORRROORROOORROROORORROORORRROROROORROOOOORRROROOORROOROORRRRRRRORRRROORORORRRRR",0,0,53,45,7,0.406138466053448,0.150923085635624,12,17,21,24,27,30,26
"408","OROOOORORROROOROORORRRRRORRROORRORORRROOROOORROOROROROORRROORROORRRRROOOOOOORRROROROORROOROOOROOOORR",0,1,52,52,7,0.116779087754673,0.147572957474524,12,17,21,25,28,31,25
"409","ORRRROOROOROORROOOORROOOOOOOOOORRROROROROORRROORRRROOORORROOOROORROROOROROOOOORRRROROROOORORORRRRRRO",0,1,49,54,10,-0.238744582894123,0.164654520469713,16,21,25,29,33,37,26
"410","RRROOOOROOOROROROOROORROOOROOROOOOROORRORROOOORRRROOOOORORRORRORRRRRRORRORORRROOORROORRROOROOROOORRR",0,0,49,52,6,-0.2859074217442,0.154919333848297,11,15,19,23,27,30,21
"411","RRROOOORORRROORRRROOORRRRRORROOROOORRROORORORRROOOOORRRROOROORROORRRROORROROORRROROOROOOOOORRORROORO",0,0,46,49,6,-0.900923872682975,0.13703203194063,11,16,20,24,28,32,17
"412","ORORRORORRORORORORROORRORORRORRRORROROROORORRRRORROOORORRROORRORORROORRRRROOORRROROORROROROROROORORR",0,1,66,43,5,3.17461323374875,0.0948683298050514,9,12,15,18,21,24,42
"413","RRROOROORROOOOROOROOOORORORRORRROOROROOORRRROROROOROORRRRROROOOORORRRRORRRRROOOROORROROOROROROROORRR",0,0,55,49,5,0.707868757108053,0.144913767461894,10,14,18,22,26,30,31
"414","ROOOOOOOOOOROOORRROORRORORROOOORRRORRRRRORRROORORRROROOOOOOOOROOOORROORORRORROROOOOORRORROOORROOOROO",0,0,44,58,10,-1.0771699839072,0.20976176963403,18,23,28,32,36,39,19
"415","RROROOROROOROOOORRRRROORROORORRORROOROOOOOROORRRRROROORRRROORROROOROORROOOROORROOOOORRORRRRRRRORORRO",0,0,50,49,7,-0.0965275577874611,0.0875595035770913,12,17,22,27,31,35,22
"416","OOORORROOORROROOROORROROOOORRORORRRRORRRRRORRORRROROOOOOROORROOOOROOOROORRRORRRRRRRROOOOROORORRROORO",0,1,49,50,8,-0.30152672741722,0.182574185835055,13,18,22,26,30,34,24
"417","RRROOOROOROROORRRROORORORROOROORORROOORRRRORROORORRRORRORRORROORROORRRORRRROROORORORORRROOROOOOROROR",0,0,59,46,4,1.58218867646783,0.0843274042711568,8,12,16,19,22,25,32
"418","ROROROOROROOORRORRRRRROOOROROOROOORORRROOOOORROOOOOOOORRORROOOOOOROROORRORROOOORRRORRORROORORROOORRO",0,0,50,56,8,0,0.142984070596848,14,20,25,29,32,35,25
"419","RORRRRRROROOOOROROROROROORROORORRORRRROROROORORRRRRRRRROOROOOORRROOOOROOROOOOORRROORROOOOOOOOORROORR",0,0,47,51,9,-0.699824793959097,0.179195734076208,18,24,29,33,37,41,25
"420","ORRROOOORRROOOOORRROOORRRRORORROORRRRROORORORRRRORRRORRORRRRORORORRRORRRORRRRORROROOOROOORRORROOOROO",0,1,49,43,5,-0.106640754622052,0.170293863659264,10,14,18,22,26,30,24
"421","ORRROOORRRORROOOOORRRORORRROROROOORORRRRORORRRROORRROOOORROOOROROOOOORORRRROROOOOOROORROOORRRRROORRO",0,1,47,50,5,-0.703562363973514,0.14142135623731,10,15,20,24,28,32,23
"422","RRROROOORROROROOOROOORRROOORRRRRRROROOOORRRRRRROOROOOOOOOROOROROORRRROOROOORROOROOOROOOROROOORORORRO",0,0,48,54,7,-0.441070500601007,0.201108041719978,14,21,25,29,32,35,25
"423","RORORROROOROORORRROOORRRORORROORORRRRORORRRORORORRROOOOOOOOOOOOOOOROROORROOORORORORRRRORROOOROROROOR",0,0,57,53,15,1.14594872006355,0.200277585143997,19,23,26,29,32,35,38
"424","RROOOORROROOROOROOOORORROORRROROORRRROORRORORROOROOROOOROROROORRRRRRORROOORRORROROOOROOOORRRROORRORR",0,0,53,50,6,0.30152672741722,0.163299316185545,10,14,18,22,26,29,24
"425","ROOOOROORROOROROORROOORRRROORRRROOOOORRRORROORRROOORRROROOOROROROORROROROROORRROOOOOORRRROORROOOROOO",0,0,48,54,6,-0.441070500601007,0.0843274042711568,11,15,19,23,27,30,20
"426","RROOROORROOOOORRRROOOOORROORROORORORROOORORRROROORORORRORROROOOROOOROORROROROROOROOOOORRROORRRORORRR",0,0,55,53,5,0.742445649618638,0.141813649241218,10,15,19,22,25,28,28
"427","RROOOORORRRRORROROROOORROOOROOORRROOROORRRRORORRORRROOOROOROOOORROROOORORROORORORROOORORORRROROROORO",0,0,58,52,4,1.32483861625129,0.122927259430572,8,12,16,19,22,25,33
"428","ORRROOOOOOOORRRRRRORORRRRORROROOOORRRRRRROOORRRORRRRORRROOOORRORRORORORROOROOROORRORRROOOROORORRORRR",0,1,46,44,8,-0.771063982077579,0.126491106406735,15,21,25,29,33,37,22
"429","RRORROORRORROOOORRRROOOOROORROORRRRROORRRRROORROROROOROROORROROOROOORRRROOOORORROOORRRRRRRRORROOOORR",0,0,45,46,8,-1.04804825372166,0.126491106406735,13,18,22,26,30,34,16
"430","ROORORORRROROOOOORRROROOORORRROOORROOORROROORROOORROORROORROOORROROOROROOROORROOOOORROOOORRROOOOOORO",0,0,50,58,6,0,0.0918936583472681,11,16,20,23,26,29,21
"431","ORRRRROOORORROROROOROORROROOOOORORRORRRROOOORRROOROROROOOOORRROROOROOOOROOOROROOROROOOOOOOOOROORRORR",0,1,52,58,9,0.367310837424293,0.154919333848297,14,19,24,28,32,36,30
"432","RRRORRROORRRORRRRRRROORRROORRRRRROROORRRORRROROOOOORRRROOORROOORORROOROORRROOOOORORROOORRRRROORRRROR",0,0,41,41,7,-1.63762083305068,0.179195734076208,13,18,23,28,32,36,14
"433","ROOOROOOOOOOROOOOROOORRRROOOOROROROOOORROOROOOOROROOROOROORRROORROOOOOOOROOORROOORRRRRROOOORORRROORO",0,0,44,63,7,-0.673144677567811,0.133749350984926,14,20,24,28,32,36,20
"434","OOOOOORRRRORORRROOOOORRRRRRRRORRRORRRORRRRORRORRRROOROROROOORRORRROOORORRROOROORRORRRRRRRROOORORRROR",0,1,44,40,8,-0.942671904295941,0.210818510677892,16,22,27,31,35,39,22
"435","RORROORRORORROROORRRRRRRROROOOORRORROOOORORROROORRROROOROROOOORROOOOOOOOOROORRRORROROOORROROOROOORRO",0,0,52,53,9,0.13719104395127,0.133749350984926,17,21,25,29,32,35,27
"436","OORRORROOORORRRROOORRORROOOOOOORRROROOOORRROROROOOOROOOOORROROROROORORRRROOOROORROROOORRORRROROOOOOR",0,1,50,56,7,0,0.0966091783079296,12,17,21,25,29,33,26
"437","OROOROOORRRORROOOORORRORRRRORRRORRRROOROOROOROOOOOOOOROROROORRORORRRROOORORRROOROOOOORRRROROROOOOOOR",0,1,50,54,8,-0.036418665187239,0.189736659610103,14,19,23,27,31,35,28
"438","OOROOORRROORRORRORORORROOROROOOOORROOOORORRROROORROROORRRRRRORRROROOORRORRROORROORROOORROROROORROROO",0,1,55,50,6,0.703562363973514,0.124721912892465,11,15,18,21,24,27,26
"439","RRROOORORRRORRORORROORRRRROOROORORROOOORROROOROOOROOORORRRORORRRRRROORRORRRROOOORRRRROOORRROOROORRRO",0,0,48,45,6,-0.406138466053448,0.108012344973464,11,16,20,24,28,31,21
"440","RRROOOOOROROROOORRRRRORRRROOROOOOOOORRROOOROORRRRROORROOOORRORRRRROORROROOROORORROORRRRROOOOROROORRO",0,0,44,50,7,-1.30661581880796,0.133333333333333,12,17,22,27,32,36,18
"441","OOORORORRRROROOROOOORRORRORRRROROOORORRRORRRRRROROOROOOOORRORRORROROORROROOORORRORRRROROOOORRORROORO",0,1,55,48,6,0.720808852002982,0.154919333848297,11,15,19,23,27,31,31
"442","OROOROROORROROROROOORRRRORRRORORROROOORRRRRRORRRORORRORRORORROOROORRRRRROORRRRRROOROOORROOROOOORROOO",0,1,53,45,6,0.406138466053448,0.20138409955991,12,18,22,26,29,32,28
"443","OOOOROROOORRORORRRRRRRORORRRRORROORRRORROORROROORRRRRRORRRRRROOROOROOOORROOROOROROROROORRRRORROORORO",0,1,53,44,7,0.452847100585244,0.222111083319436,13,19,23,27,31,35,29
"444","ORRROROROROOOORRROORRRRROOORROOOROOROORROOOOOORROORRRRORORROORROOOOORORRORROOOOROOOROORROOOORROOOROO",0,1,47,57,6,-0.516797503168401,0.163639169448448,11,16,20,24,28,32,18
"445","OORRROOOOROOOOROOROORRRORRRRROROOROOOROOROOROOORRRORRROROOOORRORRORROROOOOOORROORROOOOROOOORRRRRORRR",0,1,46,54,6,-0.845722336014774,0.231900361745681,11,16,20,24,28,32,19
"446","OROOORROORORROOOOOORRRRRORRRORRORORRRRROROOORRRRRORROORROORRORRORORORRROOOROOOOORRORORROOROROOORORRR",0,1,52,47,6,0.13719104395127,0.182878222991269,11,16,21,26,29,32,27
"447","RRRRROOOOOORRORRRORROROROOORORROROOORRRROORRROORRORORORRRRRRRORROOORROORRRROORORROORROROORRORRRRORRR",0,0,49,41,7,0,0.13703203194063,13,18,22,26,30,33,22
"448","OORRRROROROOROROROOORROOROOOROROOROOOOOOOOOOOROORROORROOROOROOOOOROOORRROORRRRORROORRRROOOORRROROOOR",0,1,48,59,11,-0.182881514350838,0.166332999331662,16,20,24,28,32,35,22
"449","OOOOOOOROROROROOOORRRRORRORRROROOORORROROOROORRRROOORORRORROOOOOROORRRORRORROORRRROORRRRRORROROOORRR",0,1,50,49,7,-0.0965275577874611,0.152388392675499,12,17,21,25,29,33,25
"450","ORROOOOOOOOROOROOORRRRRRRRRRRRRRRORROROROOOOOROOOOOOOOORRRORRORRRROROOROORRROORROROROOOROORORRRRROOO",0,1,41,51,15,-1.90641926630237,0.264365067451978,24,32,37,42,46,49,21
"451","RROOOOOOROOORORRROOOOORRRROORRRORRRRORORRROOOOOOOROORORRRROOROOOORORROORRROOOOORRRRORROOROORORORROOO",0,0,44,54,7,-1.25037417142854,0.134989711542111,13,18,23,27,31,35,19
"452","RRRROOOOORRORRRRROOROROROORRORRROOROORROROORRORRRRROOOORRROOROROORORRRROROORRRORRROOORORRRROOORRROOR",0,0,49,44,5,-0.159108440746167,0.0966091783079296,10,15,19,23,27,31,22
"453","OROROOORRORRRROOROORRROROOROOOOOOOORORRROOROOROOOORROOOORRRRRRROORRROOORRORORORROOORORRROORRROROROOO",0,1,49,53,8,-0.266312026493642,0.133749350984926,15,19,23,27,30,33,24
"454","ROORRORORRRRROROOORROROOOOROROOOOORRRRRRORORORRRRROOORROROOOORORRORRROROROORRORORROOOORRROROORROORRO",0,0,54,48,6,0.519465597253545,0.131656117720877,11,16,21,25,29,33,31
"455","OOOOROROOOORROROORROORORORROOOORRORRORRRRROORORRROROROROOROROOOROORROROROOOOROOOROOOOOOOORRRROORRROR",0,1,54,56,8,0.656832281029048,0.195505043981536,13,17,21,25,29,33,31
"456","RORROOORORRRORROOROROORROROOOROOROORRROOOROOORROOORRROOOORRROOROROORORRROROROOROOORORROROOOROOOROROO",0,0,58,56,4,1.47277300280426,0.107496769977314,7,10,13,16,19,22,31
"457","ORORORROOOROROOOORRROORRRORROOORROORRRORRRORRORRORRROOOOORORRORORROOROROORRRRORROROORROORORORRRORRRO",0,1,57,46,5,1.17753684105406,0.126491106406735,9,13,16,19,22,25,30
"458","RROOROOOOROORRORORRRROORRRRORROOROROOOOROORROOORROORRRROROOOOROOOROORRRRORORROOOOROOROORRRORROORORRO",0,0,52,52,4,0.116779087754673,0.113529242439509,8,12,16,20,24,28,23
"459","OROORRORORRRRORRROORORORRRRRRRORORRRORORORRORROORROOROROROOROOROOORORROOOORRORRRRORORRRROORRORORRORO",0,1,61,43,7,2.14922136238287,0.125166555703457,11,15,19,23,26,29,38
"460","RORRORORROORROROOROROROROROOORRORROOOOOORRROOORRRORROOOOROOOORROORROORRORORROORRROOOROROROOORRROOOOO",0,0,54,55,6,0.609207699080171,0.126929551764398,11,15,19,22,25,28,27
"461","RRRRROOORORORROROROOORORORORRRROORORORRORRRRRORROOROOOOROOROOOORRROOROROROOROROOROORRRRORRRRRORROROR",0,0,59,46,5,1.58218867646783,0.142984070596848,10,15,19,23,27,31,38
"462","ORRRRRORORRRORROROOROORRROOROOORRRRORORRRRORROROOROOORROOROOORRRORORORRRROROOROOOOOROROOORROORORRRRO",0,1,55,47,5,0.742445649618638,0.149443411809733,10,14,18,22,26,29,31
"463","RORROROROOORRRRORRORORORRRORROOOROOOORRRRORRRRRRORROOOOORORROOOOOROROORRRRRRROOORRROORRROORRROOORROR",0,0,47,45,7,-0.609207699080171,0.177951304200522,13,18,23,27,31,35,23
"464","OOOOOOOOOROOORORROORRRRRROORRRRRORORROROOOORRROOOOOOORRROOOORRRORRROROOOROOOOOROOOOORORORORRRRROORRO",0,1,41,56,9,-1.7909898842966,0.241292814278051,16,22,27,32,37,42,20
"465","ROORORROOOOROORORORRRROROOOOORORRROROOOORORRRROROROOROOOOORROORRROOORRRROORRRROOOORROROOOORORRROORRR",0,0,49,52,5,-0.2859074217442,0.147572957474524,10,14,18,22,26,30,25
"466","RRRROORRRORROROROOORRROROOOORROROROORORRORROROROOORRROROROORRRROOROOOORORROROROOROORORRROOOROOOORROO",0,0,58,51,4,1.31116599327969,0.110050493461461,8,12,16,20,23,26,33
"467","RORROORORROROOOOORORORROOORRRROROOROOROOROOROOOOORORORROOORRORROROOOOROROOROORORROORRROROROROORORROR",0,0,63,55,5,2.43683079632069,0.126929551764398,10,14,18,21,24,27,39
"468","OORRROORRRRORORORORRORROOROOORRRRORRRROROOOROORORORROORROOORRROORRRROOOOOOOORRRRROOOOOOROORORROORROR",0,1,48,50,8,-0.502544545695367,0.176383420737639,14,19,23,27,31,35,22
"469","OOOROROOORRRRRRORORRORRROROOORORORRRROROOOROORORROORRORRORRRROOOROOOOOROOOOORRRROROOROOOOOOOOOORRROR",0,1,48,54,10,-0.441070500601007,0.201108041719978,16,21,26,30,34,38,27
"470","ROOOOORRRRRRRORRRRROOROOORRROORRRRRORORROORRRROORORROORRRRROOORRRORRRRROOOOORORRORRORROORRRORORRRRRR",0,0,41,38,7,-1.41295488919977,0.161932770686548,13,18,23,28,33,38,16
"471","ROROORORRORRRRORRRROORRORRROOROROOOROROOOORROOOOOORROOOORORORRRORROORORROOORRRROOOOORROROOORRORRRORO",0,0,52,51,6,0.104571520936417,0.185292561462497,11,15,19,23,27,31,27
"472","ROROOOOOOOROOOORORRRRORRORRRROOOOROROOOROOORROOOORRORORRRORRROOROOOOOORROOOORORROOORRROOOROOROOORORR",0,0,47,58,7,-0.45810677476513,0.181352940116473,13,17,21,25,29,33,23
"473","RRRORRORRORORRROORRRORRROOOROORRRORRORRORROROOOROOOORORORRORORROOROORROORORROROORRRROOORROORRRORRORO",0,0,58,45,4,1.42148463118707,0.126929551764398,8,11,14,17,20,23,29
"474","OOOORRORROORRRRRRORRROROROROOOOOOOROOOROOROROORRRORORRRRORRRRORROROOROROOOROOOOORORROOORRROOROORORRO",0,1,53,52,7,0.318122342504109,0.20976176963403,13,18,22,26,30,33,30
"475","OROOOROOROROOORRROORRORRORRROROOOROROOOOOOROOORRROROOROORORRORRRRRORRORRRRORORRRROOOORORRRRROORRRORO",0,1,53,48,6,0.318122342504109,0.187379590967403,11,16,20,24,28,31,30
"476","RRORROORRRROORRRORROORROOOORRRROOOORROOROROROORRORRRORRORRRRRORROOOORROOOOOORRORORRORRRROROORRROORRO",0,0,48,45,6,-0.406138466053448,0.150923085635624,11,15,19,23,27,31,18
"477","RRROOORORROOORRRORRRRRORRRRRRRROOOOROROROOORROOOOROROROROORROROOOOOROOOOROOOROOOROOORRRRRRROOROORROR",0,0,47,51,8,-0.699824793959097,0.223358207570013,15,20,25,29,33,37,25
"478","ROOROOROOROOORORRRROOOORRROROORRROROOOOOOOOROORORORRRROROOORROOORRRORRRROORROORROROROROOORRRRRROOOOO",0,0,48,53,8,-0.468063561716098,0.105934990547138,14,19,23,27,31,35,24
"479","ROOOORRROOOROOOORROORRROOOOROORORROROOOOOROROOOOOORROORROORROOROORRRRRRRRRRORROROOOORRROROORORRORRRR",0,0,45,52,10,-1.09128044074195,0.187379590967403,16,21,25,29,33,37,19
"480","RRRRRRORRROORRORRROROOOOOROROOROOOROOOOOROORROORROORRRORRRRRRRORRROOOORRROORRROROROOOORROOORROROOROO",0,0,46,49,7,-0.900923872682975,0.242441287279576,13,18,23,27,31,34,19
"481","ROROROOOOOORROOOOOORORROOROOROOORORROOORROOOORRRORORORRORORROOOOROORROOROROOOROOOOROOORROOOORRRORRRO",0,0,52,60,6,0.523706613497745,0.124721912892465,12,16,20,24,28,31,27
"482","ROOORORROOOROOORORRRRROOOOOOOOOROOOORRRRROORORRRRORRRORRROOORROORROROROROORROOOROORROROORRROROOORORO",0,0,50,53,9,-0.064560491271186,0.125166555703457,14,19,23,27,30,33,26
"483","RORROROOORROOOOORRRRRRRORORROOORORRRROOROOOROROOOOROOOROROOROOOROOOOOOORORRRRORROORROROROROORROROOOR",0,0,53,55,7,0.406138466053448,0.184089350286454,14,19,23,27,31,34,31
"484","ORRRRORRRROOOORRRRROORRRORROORRORRROOOORRROROORRORROOORRRROORRORORRRRRORORRROORROOROROOOROROROOOROOR",0,1,50,44,5,0,0.157762127549323,10,14,18,22,26,30,23
"485","OOOORORRROORRROOOOOOORORROOORORORRRROOORRORROOOOROORORRORRRROROROORRROOOORRRRORRRORROOOOOOOROORRRORR",0,1,46,52,7,-0.889937185992509,0.13984117975602,14,18,22,26,30,34,21
"486","RORRRROROROORROORRORORRROOORRRRRRRRROOOROOOOROORRROOOOOOORROROROORRROOOOOROOROOROROOROOOROORROROORRR",0,0,49,52,9,-0.2859074217442,0.175119007154183,16,21,25,29,32,35,24
"487","OORROROORORRRORRROOOOOOROROORROORROORORORORRORRROOOOOROROORORORORORROOORRRRRORROOORRORROROOROROOOORR",0,1,58,52,6,1.32483861625129,0.122927259430572,11,16,20,23,26,29,33
"488","OORRROOOORRORRORRROROOOROOOORRORRRRRRORRORRRRRRRRORRROOROROOROROOOROORRRRRROORRORRROOOOOOOOOOORORORR",0,1,44,47,11,-1.27506970260592,0.200277585143997,19,25,31,35,39,42,21
"489","ORROROOORRROROOROORRRORORORORRORRORORORRROOROOORRRROOORRORRRORROROOROROORRORRROOOOOOROOORRROOOROROOR",0,1,58,50,6,1.30661581880796,0.0942809041582063,10,13,16,19,22,25,33
"490","OOOORROORRORROOROOORROOORORRROROROOOOORRRROOROOOORRROORRRRORORRRROORRORRRROOORRROROOORRORORRRROOORRO",0,1,47,49,5,-0.699824793959097,0.128668393770792,9,13,17,21,25,29,19
"491","ROOORRORROORORORRRROOOROORRROOOORROORROROOOROROOOOROOROOOOROROOROOOOOROOOORRROORORRRROROOOOORROROOOR",0,0,51,59,5,0.232758290991974,0.119721899973786,10,14,18,22,26,30,26
"492","OROOORRROROORORORRORROOOORRRROORORROOROORRRRRRRROROROOROROOROOOOOROOROOOROORORROOROOORROOOORROROOOOR",0,1,54,55,8,0.609207699080171,0.184089350286454,13,17,21,25,29,32,29
"493","ORRORORORROOORRRRRORRORRRRORRORRRORRROOOOOOORORORRROOORRRRROOORROOOOORROOOOORORORRROOORRRRORROROROOO",0,1,47,48,7,-0.688593931243073,0.154919333848297,12,17,22,27,31,35,24
"494","RRROORRROROOORROOOORRROORRORORRORRRRRORORRRRORROOORRORRROOOORROOOOROOOORROOROOROOROROORORRROROOROORR",0,0,51,49,5,0,0.144913767461894,9,13,17,21,25,28,22
"495","RROOOOORRRRRORRRORRRROOOOOOROOROOROROOROOROOROORRRORROORORRORRRRROOOOROOOOROOOORRRRROOOORRORRORRRORO",0,0,46,51,6,-0.900923872682975,0.185292561462497,11,16,21,26,30,34,21
"496","ORORRRRROROOROOOORRRROROOOOOROOROROOOORROOOORORRRRROOORRROORORROOOROOOORRRORORROOROOOOOOROORROORRORO",0,1,49,56,6,-0.159108440746167,0.150554530541816,11,16,21,25,29,33,25
"497","RRORRORRRROROOROORROROOOROOORORRORRROROROORROOOORROROOORROORORORROROOOORORRRROOORROOORROROOOROOOOROR",0,0,57,53,4,1.14594872006355,0.163639169448448,8,12,16,20,23,26,31
"498","ROORROOOORRROROOORORRROOROORRRRRRROOORRRORRRRRROOOROOOOROOROOOORROROROORROOOOOOROOOOORORRRRRRRRROOOO",0,0,40,52,9,-2.09799671448913,0.13984117975602,16,22,28,33,37,41,17
"499","RRRRROOOORROOROORRRRORORRORRROROORORROROROOOOOOORRORRROROOOROROOORRORROOROROORORORRORRRROORROROROORO",0,0,58,49,7,1.31116599327969,0.0994428926011753,12,16,20,24,27,30,34
"500","ORRORRRRORORRORRORRRRRROORRORRORRRORRROOOORORROOORORROOORROOOOORRRORROROOOOROORROOOOORRORRRRROOROOOO",0,1,47,48,6,-0.688593931243073,0.13984117975602,11,16,21,25,29,33,20
"501","OROOORROROOORRORRROOOROOOROOOORORRORRORRROOORROOOOROOOORRROROORRROORORRRRRRRROOROOOORROOOOOOOROOOOOO",0,1,43,58,8,-1.28352438695455,0.225092573548455,15,21,25,29,33,37,18
"502","OOROOROOOROOORRRRROOOOROOOOORRORROROOROOOORRORORRRROORRRROROROOOROOROOOROOROOORROOOORORORRRRORROORRR",0,1,50,55,5,0,0.143372087784044,10,14,18,22,26,30,24
"503","ORRROROORRRRORROOOOOOOROROROROROORORRROOOROROORRROROOROORRORORORRRORRRORORRRRRRRRRORORROOOOROROORROR",0,1,58,46,9,1.37986275876095,0.126491106406735,16,20,24,27,30,33,38
"504","OROORORRRROORRROORORROROOORRROROOORORORROOOOROROORRROOOOOORRROROORROORRRROOOORRRORORORORROOORORRORRR",0,1,54,50,6,0.502544545695367,0.0942809041582063,10,14,18,22,25,28,29
"505","OROROORORORROROOORORRRRRORORROOORORRRRROORRRRRROROOOORORRROROORORROORRRRORRROORRROOOOOORRRROOORRRROR",0,1,50,44,6,0,0.117378779077727,12,17,22,26,30,34,28
"506","OORRRRROOOOOORRRROROOORRORORROOROOORORRRROOOOROORRRRORROOOORROOOROORRRRRROOOOROOROROOOOORRORRORORRRR",0,1,44,51,6,-1.30312203013073,0.0875595035770913,12,17,22,26,30,34,19
"507","ROROOROROOORRROOROOORRRORRORRROROOROROOORORRRRORROORORORORRRRRORORROROOORRRORRRRORRROOOROOROORROOROR",0,0,59,46,5,1.58218867646783,0.164654520469713,9,13,16,19,22,25,35
"508","RRRROROOOORRRORRROORRORROORRRRROORORORROOROOOOORRROORORORRORRRORRROOOOOROROORORORRRRRRRRRRORORRROROO",0,0,50,43,10,0,0.182878222991269,15,20,25,29,33,36,27
"509","ORORROROORROROOOOOOOOOOORRROOROROOOROORRROORRRROORRORROOOROOOOOOOORRROORROOORROORRROROROROROROOROROO",0,1,51,58,11,0.160956434376938,0.122927259430572,19,23,26,29,32,35,26
"510","ORROROOOOOORRORORROROROROROOOOOOOOOOROOOOORRRORRORORRROROORROORROOORROOORRRROOORRORORORRROROROROROOO",0,1,55,56,10,0.860817461472852,0.171269767715535,16,21,25,28,31,34,34
"511","RORRRROOROROOORORROORRRORROROORRRORRRRORROOOROROROOOROOOORRROORRRRROOOOROOOROORRORRRROOROROOORRRRROO",0,0,50,48,5,-0.0845641669947636,0.131656117720877,10,14,18,22,26,30,24
"512","OOORRORRORRROORRORRROROORRORRROORRORORORRRRRRORRRRRORRRRRRROROROROOOOOROORRORROOOORORRRORROORROROROO",0,1,53,42,7,0.573665240471649,0.181352940116473,13,18,23,27,30,33,28
"513","RRRRRRROROOOROORRRRORRRROOOORRORRRRORRRORORROROOOORROORROORRROOOROOORORRORRROORORORORRRRRORRRORROOOR",0,0,49,42,7,-0.045397968670418,0.147572957474524,12,16,20,24,28,32,24
"514","OROROROROROOOORROOOROORROROOOOOORRROORRRRORRROOOOOORRORRORROORRROOOROOOOROORRRRRORROORRROOORORROORRO",0,1,49,53,6,-0.266312026493642,0.115950180872841,12,17,21,25,29,32,22
"515","OOOROROOROOORORROOOOORORRRORRORROOOOROORRRORRRRRRRRRORRRORRRROROORRORORORORORRRORRORORORORROOOORORRO",0,1,57,46,9,1.17753684105406,0.201108041719978,14,18,22,26,29,32,36
"516","ORRRORRRROORROORRROOOOROROOROROOORORORORRORRRORORRROORORRROORROOROROORROOOORORRORRRRROOROORRRORRRROR",0,1,56,45,5,1.01534616513362,0.143372087784044,9,13,17,21,24,27,30
"517","ROROORRORRRRRROORORORRORRRRRRRORROROOORORRRORROOORRRRRROOOOOROORRROOOROORROOORRORRORRRROOOOROROOROOO",0,0,48,46,7,-0.441070500601007,0.164654520469713,13,19,24,28,32,35,23
"518","ROORRORORORORRRRROROOOROORROROORORROOORROOROROORRRRROROOROORORROROROORRROROOOOOORROOROROROOORRROOOOR",0,0,59,52,6,1.52618187100073,0.103279555898864,11,16,20,23,26,29,35
"519","ROOORRORRRORRROOORRRRRRORROORRROROROROOOOOROOOOOOOORRORRRRROOROROORROOOROOOOORRROORROOROOORRRRRORROO",0,0,44,51,8,-1.30312203013073,0.202484567313166,14,19,24,29,34,37,18
"520","OOOORRRORRRRORROOOOOROOOOOORORRRORRRRRROORRORRORORROOORROROORRORORRORROROROOORROOORRRROOOROORROORORO",0,1,51,50,6,0,0.156347191994114,12,17,21,25,29,32,25
"521","OOROOOROOORROOOORRORORRROOOOROROROORROROORORROROORROROOOROOOOOOORROORRRRORORRROORRORRORRRORRRROROOOO",0,1,53,54,7,0.368233170226529,0.142984070596848,11,15,19,23,27,30,27
"522","RORROOOORROOROOROROOOROOOOOOORRROOORRRRRROOOORRRRORORRROORRORRRROOROROOOROROROOOOROOOOORORRRROOOROOR",0,0,47,55,7,-0.609207699080171,0.164991582276861,13,18,22,26,30,34,24
"523","ORORROROROOOORRRRORROOOOOOORROORRRORRRRROOOOORRRORRRORROOROORORORORROOROORORROROROOORRORORRROOORORRO",0,1,55,50,7,0.703562363973514,0.149071198499986,12,17,21,25,28,31,31
"524","RRROOORRRRORROORRRORROOOOOOOROOOOORRRRORROOORRRRORRRORRORRORRRRRROROROOOORRRRORRRRORORRRRRORORRROOOO",0,0,42,42,7,-1.48987879000191,0.175119007154183,13,18,23,27,31,35,19
"525","RORROROOOROOOORRRRRORRRORRRORORRROORRRRROOORORORRRORRRRORROOOOOOOORRORORORRROORRRRRROROOOROOORORRRRO",0,0,48,44,8,-0.363093621189971,0.134989711542111,14,19,24,28,32,36,27
"526","ORORRRRORORRRRRRORRROROOOORROOOOOOROROOOOROROOORRRORROROROOORRRORRRRORRROORRROROOROORROOROROOORRRRRO",0,1,51,47,6,0,0.216281709300111,12,17,21,25,29,33,29
"527","OORRRRRRRORRRORORRORRRRROOROOOROOORROORORROORRRRRRORRRROROOROOROOORRRROOROROOROORRROOOORRROOOOROROOR",0,1,48,46,7,-0.441070500601007,0.171269767715535,13,18,22,26,30,34,22
"528","OORROOORORRORROOOROROOORROORORORRORRRRRORRRRRRRORRRROOOROORORROOOORORRRRORRRORORRROOOORORORRORORRRRR",0,1,52,43,7,0.303515993924298,0.188856206322871,12,17,21,25,29,33,29
